# https://github.com/mikedh/trimesh
v -0.10080839 0.73871896 0.27501148 0.03921569 0.03137255 0.02745098
v -0.14128114 0.72740543 0.27435367 0.29019608 0.16470588 0.10588235
v -0.14206585 0.69135016 0.26603250 0.25882353 0.13333333 0.07843137
v -0.11865310 0.72835599 0.27429854 0.28627451 0.16078431 0.10588235
v -0.06076043 0.75541107 0.25704566 0.01568627 0.01568627 0.01960784
v -0.07932337 0.67638182 0.27245123 0.00000000 0.00000000 0.00000000
v -0.02238666 0.69851147 0.27774710 0.34901961 0.19215686 0.11372549
v 0.00419703 0.73862165 0.27762314 0.38039216 0.22745098 0.15686275
v -0.23250707 0.74365876 0.25971395 0.25882353 0.27058824 0.29803922
v -0.15470685 0.76890570 0.26257703 0.37647059 0.36078431 0.37254902
v -0.13467622 0.68496875 0.25821873 0.23529412 0.12549020 0.07058824
v -0.10910241 0.62362514 0.26531053 0.15294118 0.08627451 0.06274510
v -0.11016198 0.64936352 0.26539794 0.14901961 0.07450980 0.04313725
v -0.09815800 0.66797878 0.26086402 0.14509804 0.07450980 0.04313725
v -0.04974723 0.67200799 0.26292176 0.12156863 0.05490196 0.03137255
v -0.00398417 0.67168464 0.26886589 0.33725490 0.18039216 0.10196078
v -0.01510036 0.63794877 0.26690488 0.27058824 0.14509804 0.09019608
v -0.00757559 0.60388121 0.25953892 0.23921569 0.14117647 0.10980392
v 0.01588410 0.64680837 0.26263186 0.31372549 0.16470588 0.09803922
v 0.02957481 0.74865956 0.26036914 0.42352941 0.38431373 0.36470588
v -0.22464456 0.66841814 0.25322536 0.35686275 0.36078431 0.32549020
v -0.20125439 0.63384002 0.25598561 0.18431373 0.12941176 0.09803922
v -0.17150828 0.59329418 0.25227743 0.53333333 0.40000000 0.32941176
v -0.15819323 0.65228778 0.26348420 0.17254902 0.08627451 0.05098039
v -0.10514187 0.66821333 0.25945949 0.18431373 0.09019608 0.05490196
v -0.13617504 0.75424502 0.25440625 0.50196078 0.47058824 0.44313725
v -0.07858351 0.76190187 0.26083770 0.00784314 0.00784314 0.01176471
v -0.06675743 0.58902321 0.26078135 0.03921569 0.02745098 0.02745098
v -0.00544109 0.76678599 0.26909153 0.36862745 0.34509804 0.34117647
v -0.00894770 0.56243166 0.25115172 0.52549020 0.50196078 0.41960784
v -0.23439146 0.72265921 0.25990964 0.19215686 0.21568627 0.20784314
v -0.18551041 0.76573341 0.25802456 0.36470588 0.36078431 0.38823529
v -0.17511769 0.75316898 0.25847724 0.51372549 0.47058824 0.43921569
v -0.12627539 0.53734892 0.24777966 0.23529412 0.20392157 0.15294118
v 0.00376404 0.58670624 0.25056456 0.59607843 0.39215686 0.29803922
v 0.00731125 0.77762503 0.23456610 0.45882353 0.44313725 0.41176471
v 0.01795109 0.57965419 0.25080277 0.82352941 0.69411765 0.56078431
v 0.03488342 0.67632486 0.25264827 0.36470588 0.21960784 0.13333333
v 0.05668238 0.65096822 0.24546432 0.17254902 0.15294118 0.09803922
v -0.23943199 0.67020982 0.24481238 0.16078431 0.17254902 0.19215686
v -0.25816528 0.73401541 0.22066341 0.32941176 0.34901961 0.27450980
v -0.23157579 0.57426487 0.22452913 0.30980392 0.33725490 0.36862745
v -0.19770773 0.54926304 0.24366560 0.26666667 0.30588235 0.30588235
v -0.17602941 0.56357184 0.24484165 0.56470588 0.54901961 0.46274510
v -0.15449079 0.54426421 0.24297726 0.39607843 0.38039216 0.29803922
v -0.18908377 0.51230369 0.23470534 0.34117647 0.38823529 0.34117647
v -0.11623151 0.52231798 0.24536124 0.20784314 0.20392157 0.14117647
v 0.00133523 0.77929503 0.24476896 0.40000000 0.37647059 0.35686275
v -0.08828608 0.81585608 0.24451646 0.40000000 0.37254902 0.34901961
v -0.08678443 0.48170622 0.23248231 0.31372549 0.37254902 0.26274510
v 0.00061737 0.52386521 0.23713104 0.40000000 0.42745098 0.32941176
v 0.03983522 0.57222648 0.23750315 0.50980392 0.54901961 0.44705882
v 0.04632546 0.58396502 0.23683267 0.69019608 0.69019608 0.56470588
v -0.19184803 0.81346708 0.23798972 0.41568627 0.42352941 0.43137255
v -0.18208032 0.48265555 0.22488579 0.36862745 0.43137255 0.35294118
v -0.12130820 0.48184994 0.23305386 0.35686275 0.41176471 0.30980392
v -0.01449743 0.80728026 0.23960101 0.43529412 0.43529412 0.42745098
v -0.03946047 0.78039133 0.23209829 0.46666667 0.47450980 0.40784314
v -0.00573152 0.50224265 0.23602180 0.39215686 0.43529412 0.37254902
v -0.01772147 0.48844092 0.23476525 0.40784314 0.44705882 0.36078431
v 0.04032987 0.80983300 0.22648771 0.45098039 0.46666667 0.45882353
v 0.06154221 0.74597344 0.25079153 0.39215686 0.42352941 0.46274510
v -0.24367217 0.62174138 0.22306206 0.05490196 0.06274510 0.07450980
v -0.22240496 0.77887666 0.20998916 0.32941176 0.35686275 0.35686275
v -0.21361857 0.81865253 0.22856300 0.44313725 0.46274510 0.45490196
v -0.19903496 0.77872912 0.22293672 0.40392157 0.41176471 0.40392157
v -0.16267041 0.78057394 0.22566568 0.38823529 0.42745098 0.39607843
v -0.16926363 0.78842576 0.22899425 0.46274510 0.44705882 0.42745098
v -0.15330875 0.78043736 0.22630679 0.30980392 0.35686275 0.32156863
v -0.01425923 0.47592877 0.22474466 0.43529412 0.50588235 0.44705882
v 0.00997525 0.47208717 0.21890638 0.45490196 0.50588235 0.42745098
v 0.05229825 0.79373554 0.22093191 0.46666667 0.47450980 0.47058824
v 0.06123766 0.61628006 0.22904451 0.57254902 0.66666667 0.53725490
v 0.06833740 0.71316503 0.24243610 0.49803922 0.54901961 0.51764706
v -0.24994959 0.66677071 0.22067306 0.03921569 0.04705882 0.05882353
v -0.24719978 0.75546944 0.21125338 0.25098039 0.21176471 0.16078431
v -0.24490472 0.76805440 0.23234980 0.03137255 0.03137255 0.02352941
v -0.21595473 0.48188357 0.21483402 0.27843137 0.32549020 0.25098039
v -0.18436508 0.46610384 0.22746855 0.41176471 0.46274510 0.40784314
v -0.09042052 0.82961860 0.21821165 0.49019608 0.48627451 0.42352941
v -0.03554730 0.46260190 0.23655268 0.44313725 0.46666667 0.35686275
v 0.00039760 0.82187068 0.21946970 0.46666667 0.47450980 0.45490196
v 0.05167342 0.76199498 0.23703660 0.42352941 0.43921569 0.45098039
v -0.25554007 0.62548120 0.19834031 0.10588235 0.11764706 0.10980392
v -0.24593502 0.56052398 0.21391857 0.18039216 0.19607843 0.20000000
v -0.19645873 0.40148421 0.20544115 0.45098039 0.48235294 0.49411765
v -0.07408970 0.44774518 0.21441411 0.43137255 0.47450980 0.43529412
v -0.16664102 0.44873166 0.20688207 0.45490196 0.47450980 0.43921569
v -0.13584795 0.38392135 0.21006175 0.45490196 0.49411765 0.49803922
v -0.11907347 0.45537637 0.22112951 0.42352941 0.47058824 0.40784314
v -0.01342902 0.44503411 0.20632467 0.45882353 0.50196078 0.49803922
v -0.01527576 0.38604811 0.21162922 0.43529412 0.48627451 0.49411765
v -0.06324805 0.44315568 0.21323946 0.43529412 0.47450980 0.43137255
v 0.01446758 0.82412403 0.20144231 0.49803922 0.48235294 0.47058824
v 0.01740397 0.44942332 0.20615426 0.49019608 0.50980392 0.46274510
v 0.04491037 0.46414369 0.20946937 0.52156863 0.52549020 0.48235294
v -0.25975689 0.67060208 0.19188940 0.13333333 0.14901961 0.13333333
v -0.22917288 0.45013010 0.19230260 0.39607843 0.42745098 0.41960784
v -0.11134960 0.82906502 0.19346531 0.52156863 0.48235294 0.44705882
v -0.10537400 0.45114964 0.20715634 0.44313725 0.47843137 0.45490196
v -0.10365279 0.35559173 0.19631685 0.29803922 0.28235294 0.23529412
v 0.01055028 0.38051244 0.20639941 0.48235294 0.50196078 0.49411765
v -0.01509231 0.44367704 0.19975388 0.44705882 0.50196078 0.49411765
v 0.04629288 0.48118603 0.19240756 0.49803922 0.50196078 0.44313725
v 0.03981140 0.48206077 0.21803539 0.43529412 0.49019608 0.41176471
v 0.04798543 0.53542250 0.22591145 0.41960784 0.49411765 0.47450980
v 0.07562590 0.65888164 0.18415683 0.45098039 0.49803922 0.47450980
v -0.23780681 0.49736671 0.20646389 0.09803922 0.12156863 0.08235294
v -0.25274456 0.60066306 0.19404162 0.06274510 0.06666667 0.06274510
v -0.24668346 0.46812795 0.19922060 0.43921569 0.42745098 0.40392157
v -0.20263719 0.36296770 0.17997702 0.19215686 0.16862745 0.14509804
v 0.03360143 0.43629596 0.19967315 0.46274510 0.49803922 0.49803922
v 0.03360143 0.44942989 0.19267250 0.47058824 0.50196078 0.50196078
v 0.04105779 0.43629596 0.19267250 0.45882353 0.50196078 0.49803922
v 0.04108826 0.44378279 0.19267701 0.46274510 0.50588235 0.50196078
v 0.04108826 0.44333573 0.19267250 0.46274510 0.50588235 0.50196078
v 0.04108826 0.44378724 0.19267250 0.46274510 0.50588235 0.50196078
v 0.04109317 0.44378279 0.19267250 0.46274510 0.50588235 0.50196078
v -0.27202011 0.73109564 0.18111548 0.32156863 0.34901961 0.33333333
v -0.22483001 0.48140633 0.20805385 0.30588235 0.32549020 0.26274510
v -0.21537028 0.38305418 0.19856491 0.45098039 0.49411765 0.49019608
v -0.21606657 0.82702999 0.19358888 0.49411765 0.49411765 0.49803922
v -0.16081117 0.82329444 0.18609930 0.46666667 0.47843137 0.47450980
v -0.07443852 0.83051159 0.17354913 0.45882353 0.49411765 0.47058824
v -0.02853234 0.82717490 0.19515110 0.51372549 0.45098039 0.42352941
v 0.06298780 0.45836299 0.17342650 0.32156863 0.27450980 0.21568627
v 0.04108826 0.42880920 0.19265595 0.44313725 0.49019608 0.49019608
v 0.04108826 0.43629596 0.19264967 0.45882353 0.50196078 0.49803922
v 0.04857509 0.44378279 0.18812122 0.45882353 0.50196078 0.49411765
v -0.26821527 0.56160673 0.17433924 0.06274510 0.07058824 0.07450980
v -0.26035392 0.49824312 0.18281503 0.07843137 0.07843137 0.06274510
v -0.24891288 0.43786967 0.18315994 0.09411765 0.11372549 0.13725490
v 0.03853571 0.41144569 0.19511238 0.36078431 0.41176471 0.40784314
v 0.06370230 0.56837666 0.19923508 0.43921569 0.47058824 0.47058824
v 0.07059391 0.61801724 0.17950815 0.23137255 0.29019608 0.28627451
v 0.07622409 0.73291700 0.18990697 0.47058824 0.50196078 0.50588235
v -0.27623998 0.72024024 0.16946329 0.26274510 0.31372549 0.32941176
v -0.26584086 0.61841787 0.17659500 0.03921569 0.05098039 0.05490196
v -0.24414266 0.81599653 0.18969158 0.60000000 0.44313725 0.33725490
v -0.26213925 0.82278450 0.14789002 0.59215686 0.46666667 0.40000000
v -0.15208925 0.35748268 0.18490851 0.25098039 0.22352941 0.19215686
v -0.12085415 0.36720470 0.11395936 0.28627451 0.26274510 0.21568627
v -0.03206624 0.81736533 0.16357812 0.47058824 0.49803922 0.49019608
v 0.04498345 0.77748975 0.21946526 0.43921569 0.46274510 0.46666667
v 0.07393573 0.47518382 0.17629554 0.52941176 0.51372549 0.43137255
v -0.22495430 0.37228468 0.16778429 0.22745098 0.20000000 0.17647059
v -0.16425766 0.80486925 0.16898881 0.45490196 0.47058824 0.47450980
v 0.01901413 0.36338359 0.19528664 0.46274510 0.45882353 0.42352941
v 0.06970857 0.38841326 0.17064223 0.30980392 0.27450980 0.21960784
v -0.14125295 0.82588242 0.20536457 0.47843137 0.44313725 0.41176471
v 0.07602800 0.79407903 0.14001970 0.45490196 0.45882353 0.44313725
v 0.06957420 0.51317629 0.17492558 0.49411765 0.45490196 0.34901961
v -0.27180958 0.63418631 0.15281078 0.11372549 0.13725490 0.14117647
v -0.27326932 0.62606948 0.14775565 0.15686275 0.18431373 0.18039216
v -0.25733668 0.49042799 0.15416744 0.02745098 0.02745098 0.03137255
v -0.26865374 0.47659833 0.14427839 0.24313725 0.23921569 0.24313725
v -0.25121286 0.80391464 0.15304151 0.41960784 0.43137255 0.34117647
v -0.06883505 0.36209367 0.12443781 0.28235294 0.27058824 0.22352941
v -0.02364830 0.35592870 0.19078323 0.41960784 0.41176471 0.36078431
v 0.06180902 0.53054593 0.14934368 0.59607843 0.56078431 0.45882353
v 0.06580385 0.36980055 0.14576832 0.38431373 0.34901961 0.29803922
v 0.07144498 0.42695561 0.14697517 0.43921569 0.36078431 0.27843137
v 0.07552936 0.76250596 0.19425736 0.48627451 0.51764706 0.53333333
v -0.30548577 0.78962429 0.14182357 0.33333333 0.35294118 0.30196078
v -0.28661080 0.62701293 0.14256929 0.23529412 0.26274510 0.23529412
v -0.26741728 0.59684485 0.15216204 0.05490196 0.07450980 0.08627451
v -0.26884271 0.56158576 0.14767255 0.05098039 0.06274510 0.05490196
v -0.26539781 0.76107060 0.16776417 0.05882353 0.05098039 0.03921569
v -0.27735044 0.80292286 0.17023445 0.34117647 0.35686275 0.30980392
v -0.24842008 0.40088028 0.17652180 0.35294118 0.34117647 0.31372549
v -0.08068846 0.82949333 0.14435449 0.50196078 0.49411765 0.45490196
v -0.05433798 0.36501311 0.12030777 0.29019608 0.27058824 0.22352941
v 0.06961279 0.49395905 0.14264059 0.51764706 0.38823529 0.28235294
v 0.06923571 0.58284301 0.14897802 0.23529412 0.29019608 0.28235294
v 0.08739921 0.39325917 0.12941002 0.65098039 0.61960784 0.52549020
v -0.28301424 0.61474664 0.12738810 0.24705882 0.28235294 0.27450980
v -0.25778491 0.45769064 0.14392769 0.36862745 0.36470588 0.34509804
v -0.23620321 0.78078873 0.17462652 0.36470588 0.30196078 0.22745098
v -0.25103530 0.80500385 0.12769201 0.79215686 0.65098039 0.49411765
v -0.19156088 0.82098491 0.12772902 0.47058824 0.43529412 0.38823529
v -0.16948771 0.81592085 0.13824432 0.46274510 0.45098039 0.44705882
v 0.04233354 0.36415403 0.12195734 0.39215686 0.32941176 0.27058824
v 0.07428898 0.78135406 0.13079317 0.41960784 0.43529412 0.43921569
v -0.30420655 0.74001269 0.12111382 0.27450980 0.30980392 0.34901961
v -0.27619207 0.67866959 0.14422090 0.20784314 0.23137255 0.21960784
v -0.27747675 0.74089590 0.13369097 0.00784314 0.01176471 0.00784314
v -0.28755723 0.77992781 0.12772499 0.24705882 0.28627451 0.28235294
v -0.26810377 0.46959875 0.12575119 0.32156863 0.33725490 0.30980392
v -0.25918704 0.81895896 0.11362068 0.59607843 0.49411765 0.41176471
v -0.19518876 0.36382089 0.12728725 0.27058824 0.24705882 0.21176471
v -0.16797279 0.80976750 0.11200497 0.30588235 0.36470588 0.30588235
v 0.00223076 0.81809771 0.12665832 0.49019608 0.49411765 0.48627451
v 0.08006080 0.47817965 0.13884632 0.41568627 0.36470588 0.29803922
v 0.08392651 0.74601032 0.17258607 0.40392157 0.42745098 0.44313725
v -0.26381242 0.48634904 0.12077771 0.34901961 0.35686275 0.32941176
v -0.26307283 0.56368604 0.11784443 0.03529412 0.03921569 0.04313725
v -0.13047673 0.81733757 0.10977969 0.45490196 0.45490196 0.44313725
v -0.07377776 0.92074177 0.12218948 0.41960784 0.44313725 0.34901961
v -0.11446612 0.96658864 0.11841295 0.54509804 0.54117647 0.45098039
v 0.00906653 0.35730460 0.14916458 0.33333333 0.31372549 0.26666667
v 0.07182534 0.48320683 0.12017453 0.45098039 0.38823529 0.30588235
v 0.07743305 0.60254258 0.12239233 0.19607843 0.23137255 0.24313725
v 0.08795923 0.44314579 0.10011293 0.45098039 0.38039216 0.30980392
v -0.29619467 0.80742540 0.11436135 0.46274510 0.48627451 0.50980392
v -0.26725188 0.53231156 0.09597719 0.24313725 0.24313725 0.25490196
v -0.25519983 0.40508234 0.12958210 0.22745098 0.20392157 0.18431373
v -0.22158904 0.81038074 0.10385072 0.69803922 0.54117647 0.42352941
v -0.22871578 0.37515338 0.12821250 0.27450980 0.25098039 0.22352941
v -0.03323909 0.99175118 0.10845156 0.71372549 0.69411765 0.58039216
v -0.05757201 0.82216984 0.13570867 0.52941176 0.50196078 0.47058824
v -0.04015853 0.90987959 0.11710489 0.41960784 0.41960784 0.30588235
v -0.01456249 0.95360271 0.10705301 0.51372549 0.49803922 0.34509804
v -0.01817392 0.96321428 0.12126807 0.57647059 0.56862745 0.44313725
v -0.01162589 0.94101821 0.11016032 0.44705882 0.44313725 0.30196078
v 0.00522195 0.81296537 0.11314297 0.49411765 0.50588235 0.49803922
v 0.03438864 0.81151233 0.13690681 0.47843137 0.49019608 0.50196078
v 0.06267991 0.79445813 0.11108230 0.46274510 0.45882353 0.45098039
v 0.09495680 0.77146021 0.12019383 0.45098039 0.45882353 0.46274510
v -0.27350227 0.64729170 0.09835586 0.46274510 0.50588235 0.44313725
v -0.16758735 0.79994890 0.09662746 0.29019608 0.33333333 0.25490196
v -0.10487523 0.99219530 0.10730473 0.62745098 0.61568627 0.51372549
v -0.09459182 0.87752330 0.10986644 0.38039216 0.45098039 0.34117647
v -0.09579885 0.88579697 0.11023482 0.36470588 0.43529412 0.32941176
v -0.07109682 0.80612265 0.07813956 0.47843137 0.50196078 0.49411765
v -0.07596675 0.81978590 0.10020158 0.48235294 0.50588235 0.48627451
v -0.06144295 0.95057810 0.10926817 0.47843137 0.47058824 0.36078431
v -0.01440030 0.82336995 0.13107064 0.48235294 0.47843137 0.47450980
v -0.02035653 0.80509984 0.09023692 0.48627451 0.50196078 0.50980392
v 0.01082656 0.91200147 0.10277603 0.47450980 0.43529412 0.30196078
v 0.09060535 0.74468839 0.11855413 0.44313725 0.45490196 0.47058824
v -0.26882998 0.53199706 0.08595770 0.23137255 0.22745098 0.23529412
v -0.15342786 0.91499889 0.11293905 0.33333333 0.36470588 0.27058824
v -0.18105697 0.96129056 0.08359181 0.70588235 0.70588235 0.59607843
v -0.13085166 0.95688642 0.10840307 0.49019608 0.49803922 0.38431373
v -0.15621310 0.88969927 0.09823449 0.34901961 0.40392157 0.28235294
v -0.01469088 0.88615219 0.10362885 0.39607843 0.42745098 0.31372549
v 0.01763819 0.80808979 0.10874864 0.49803922 0.50980392 0.51372549
v 0.01628989 0.97181463 0.10313935 0.70588235 0.69019608 0.58431373
v 0.05110551 0.78324853 0.08139347 0.41960784 0.43137255 0.45490196
v 0.07229037 0.59185875 0.09301452 0.18039216 0.21568627 0.20392157
v -0.26700481 0.60559558 0.09052633 0.09411765 0.11372549 0.12156863
v -0.23709469 0.38565279 0.10999236 0.30588235 0.23921569 0.20000000
v -0.20382342 0.79087410 0.06932947 0.75294118 0.62352941 0.49411765
v -0.14941987 0.79160319 0.08648909 0.27843137 0.31764706 0.21568627
v -0.13313930 1.00736632 0.08300522 0.71764706 0.71372549 0.60000000
v -0.05640663 0.84818639 0.09194829 0.52941176 0.50588235 0.40392157
v 0.01165481 0.79571552 0.08815504 0.50196078 0.51764706 0.52549020
v -0.25723171 0.57676046 0.07928475 0.07450980 0.08235294 0.08627451
v -0.25517435 0.67670287 0.07655561 0.30588235 0.26274510 0.17254902
v -0.26898668 0.74449578 0.09233025 0.17254902 0.10980392 0.08627451
v -0.25739906 0.45245813 0.11820108 0.29803922 0.26274510 0.23137255
v -0.16647067 0.85618084 0.07732839 0.62352941 0.48235294 0.27058824
v -0.03856062 1.00830190 0.08395010 0.72941176 0.71372549 0.58823529
v -0.01606615 0.84626461 0.08213169 0.56078431 0.50588235 0.39607843
v 0.00540173 0.99293754 0.08714999 0.76078431 0.73725490 0.64313725
v 0.06555073 0.57592209 0.07458364 0.41960784 0.35294118 0.28627451
v 0.08414951 0.66540879 0.09760503 0.37647059 0.39215686 0.39607843
v -0.24832368 0.43898959 0.05376362 0.36862745 0.33725490 0.29803922
v -0.26209023 0.46449782 0.04896059 0.29803922 0.27843137 0.25098039
v -0.24702158 0.59501811 0.06745984 0.07843137 0.10196078 0.08627451
v -0.25945032 0.41381552 0.09018846 0.21568627 0.18039216 0.14901961
v -0.19967376 0.37739844 0.07851141 0.14509804 0.15686275 0.13333333
v -0.18891848 0.78083858 0.06322028 0.38823529 0.29411765 0.25490196
v -0.16838031 0.97211223 0.10550979 0.64705882 0.65882353 0.54509804
v -0.05306100 0.83236099 0.05165060 0.49803922 0.50980392 0.46666667
v -0.03618721 0.79512398 0.07741363 0.47450980 0.49803922 0.50588235
v -0.00004726 0.78981553 0.06038035 0.48235294 0.50196078 0.51372549
v 0.02691074 0.93557219 0.08090009 0.52156863 0.47843137 0.33725490
v 0.07802465 0.46052685 0.12848700 0.41960784 0.37647059 0.30980392
v 0.07795448 0.45352271 0.04337302 0.47058824 0.42352941 0.36470588
v -0.25455045 0.67419128 0.06930420 0.30588235 0.26274510 0.17254902
v -0.24076134 0.62970284 0.05772606 0.11764706 0.10196078 0.07058824
v -0.23721005 0.77947002 0.10622104 0.64313725 0.45490196 0.33725490
v -0.22170189 0.91563351 0.05854970 0.69019608 0.66274510 0.52549020
v -0.19844449 0.93282947 0.07904658 0.65490196 0.65098039 0.50196078
v -0.12167947 0.78192021 0.06292929 0.16078431 0.17647059 0.13333333
v 0.04296917 0.90657450 0.06216668 0.45098039 0.41960784 0.28627451
v 0.07309613 0.54911267 0.08070753 0.59215686 0.51372549 0.41960784
v 0.08337822 0.64360124 0.06831898 0.45098039 0.44313725 0.42352941
v 0.07905521 0.73336176 0.07458208 0.40000000 0.40392157 0.40784314
v 0.08097648 0.77567535 0.07127777 0.47843137 0.48235294 0.48235294
v 0.08880354 0.75710769 0.09761164 0.43921569 0.44313725 0.45098039
v 0.09185075 0.38331311 0.06735639 0.60000000 0.58039216 0.52156863
v -0.26095197 0.48196182 0.08671680 0.18823529 0.17254902 0.14901961
v -0.24725779 0.69958255 0.06555993 0.42745098 0.32156863 0.21568627
v -0.24530219 0.77026282 0.06157911 0.73725490 0.55294118 0.44313725
v -0.20862733 0.38325598 0.06101844 0.33725490 0.32549020 0.28235294
v -0.20187902 0.90150365 0.07396094 0.60784314 0.51764706 0.35686275
v -0.21990697 0.98192051 0.03833128 0.81568627 0.80392157 0.75686275
v -0.21606213 0.98502649 0.06070923 0.81568627 0.80000000 0.74117647
v -0.20778459 0.99776624 0.05488421 0.83137255 0.81568627 0.76078431
v -0.15289263 1.01306800 0.07574040 0.76862745 0.76470588 0.69803922
v -0.04920889 0.78057659 0.05934658 0.50588235 0.53333333 0.50588235
v -0.04918018 1.03384380 0.06162292 0.80784314 0.80392157 0.78039216
v 0.02859308 1.02167249 0.05139540 0.80392157 0.79215686 0.75686275
v 0.04590336 0.98210712 0.06757551 0.77254902 0.75294118 0.68627451
v 0.06460683 0.71245288 0.06162099 0.36078431 0.35686275 0.35294118
v 0.07201156 0.68422713 0.05605543 0.38823529 0.38431373 0.38431373
v 0.09006284 0.46909520 0.07701900 0.33333333 0.29803922 0.25098039
v -0.23863916 0.60417431 0.03589968 0.09411765 0.08627451 0.06274510
v -0.24904553 0.74437499 0.04700603 0.75294118 0.54117647 0.45882353
v -0.24635202 0.75904011 0.06923345 0.69803922 0.51764706 0.41176471
v -0.12225073 0.37917726 0.05564988 0.32156863 0.32156863 0.27843137
v -0.07914176 0.78091184 0.04864340 0.25098039 0.21960784 0.18039216
v -0.00169969 0.83985947 0.06517650 0.54509804 0.52156863 0.45490196
v 0.03933328 0.62017672 0.05129196 0.33333333 0.31764706 0.21960784
v 0.03123121 0.96678325 0.07297090 0.73725490 0.70980392 0.62745098
v 0.04484470 0.75743643 0.03954565 0.33725490 0.35686275 0.38823529
v 0.05076800 0.69273584 0.04475588 0.37254902 0.41568627 0.38823529
v 0.05946710 0.54532980 0.04917005 0.36862745 0.30588235 0.24313725
v 0.04931737 0.76670414 0.03463296 0.36078431 0.37254902 0.39607843
v 0.05792227 0.37684601 0.07042558 0.25882353 0.23921569 0.20000000
v 0.07546340 0.48833112 0.05281625 0.50588235 0.45490196 0.39215686
v 0.06599336 0.48059372 0.03378898 0.49019608 0.44705882 0.37647059
v -0.25239272 0.53942804 0.05390951 0.54117647 0.51764706 0.50588235
v -0.22707524 0.68895363 0.04859585 0.16078431 0.11764706 0.08235294
v -0.19310711 0.40342730 0.02825926 0.18039216 0.15686275 0.12156863
v -0.19961013 0.76390911 0.03628419 0.39215686 0.40392157 0.39607843
v -0.17336311 0.77244484 0.03849446 0.46274510 0.51764706 0.49019608
v -0.18199003 0.38681295 0.04277801 0.20000000 0.18039216 0.13725490
v -0.16979553 1.03956664 0.04075161 0.78431373 0.79607843 0.79607843
v -0.09606246 0.83169201 0.05681641 0.51764706 0.50588235 0.44705882
v -0.02476061 1.04406884 0.04837554 0.83137255 0.82745098 0.81960784
v -0.22687764 0.69947647 0.03509524 0.05098039 0.05490196 0.04313725
v -0.23050319 0.41465423 0.03919964 0.13333333 0.17254902 0.14509804
v -0.21885227 0.52550544 0.03193392 0.16862745 0.17254902 0.13725490
v -0.23429716 0.48219529 0.03979098 0.34117647 0.31372549 0.27450980
v -0.21109978 0.86800320 0.03661038 0.54901961 0.46666667 0.31372549
v -0.18310274 0.84487604 0.04964082 0.51764706 0.51372549 0.44313725
v -0.17122898 0.76271342 0.03712068 0.47843137 0.57254902 0.51764706
v -0.14831108 0.39412927 0.03112675 0.17254902 0.17254902 0.12941176
v -0.06406204 0.77619672 0.02112839 0.40784314 0.48627451 0.44705882
v -0.08003911 1.04798622 0.04475306 0.83137255 0.83137255 0.82352941
v -0.00382402 0.78045529 0.04994810 0.47450980 0.49411765 0.50196078
v 0.03601472 0.54695167 0.02784249 0.21960784 0.18823529 0.13333333
v 0.05385072 0.96349373 0.04538075 0.78039216 0.76862745 0.68627451
v 0.06563643 0.45672810 0.03081709 0.47843137 0.43921569 0.37254902
v 0.06683858 0.89096542 0.04405958 0.52941176 0.57254902 0.43529412
v -0.22967909 0.89504039 0.04774789 0.51764706 0.53725490 0.38823529
v -0.21910184 0.45836477 0.02651153 0.34509804 0.32549020 0.27058824
v -0.21053469 1.01893366 0.02086991 0.82352941 0.81960784 0.80000000
v -0.19124254 0.56721549 0.02564703 0.22745098 0.23137255 0.18039216
v -0.12387772 1.04744846 0.04103978 0.80784314 0.81568627 0.81568627
v -0.11719131 0.75245725 0.03226798 0.06274510 0.09411765 0.08235294
v -0.11192819 0.77279929 0.02691007 0.23137255 0.32941176 0.30196078
v -0.04961134 0.39280432 0.02871351 0.16862745 0.16862745 0.12941176
v -0.04950390 0.75445576 0.03054178 0.12549020 0.15294118 0.11764706
v -0.04209178 0.81041368 0.03345323 0.50196078 0.49803922 0.48235294
v -0.02368612 1.05024498 0.03346619 0.85098039 0.84313725 0.83529412
v 0.00701701 0.38265889 0.04201421 0.36470588 0.32549020 0.25490196
v 0.01507856 0.76245439 0.02480112 0.32941176 0.38823529 0.39215686
v 0.03165945 0.60517074 0.02563506 0.33333333 0.32941176 0.21960784
v 0.03482847 0.87586903 0.05353778 0.47058824 0.40000000 0.27450980
v 0.03204992 0.39763424 0.03061270 0.32156863 0.30196078 0.23529412
v 0.05055425 0.62259844 0.04208954 0.38431373 0.32156863 0.22745098
v 0.06080043 0.98586989 0.02118919 0.81176471 0.79607843 0.76078431
v 0.05391510 0.49382474 0.03543005 0.54117647 0.48235294 0.40392157
v 0.05926248 0.99758815 0.03221695 0.82745098 0.81176471 0.76078431
v 0.08460583 0.67524055 0.03111235 0.30588235 0.31372549 0.31764706
v 0.06964433 0.46526336 0.01305768 0.48627451 0.45098039 0.38431373
v -0.25242921 0.65079624 0.01207887 0.59607843 0.43529412 0.32549020
v -0.22216401 0.85311349 -0.00072684 0.57647059 0.52156863 0.43137255
v -0.22959764 0.46691464 0.01757911 0.36862745 0.34117647 0.28235294
v -0.19775319 1.04053936 0.01969412 0.80784314 0.80784314 0.81568627
v -0.18273249 0.73989384 -0.00186038 0.32941176 0.33333333 0.33333333
v -0.19269816 0.61697753 0.02282261 0.23137255 0.26274510 0.17254902
v -0.21200438 0.73978538 0.02866186 0.07843137 0.08235294 0.08235294
v -0.09633768 0.37999108 0.04832860 0.34117647 0.29019608 0.24705882
v -0.07051073 0.40110393 0.01309195 0.21960784 0.22745098 0.17647059
v -0.06198822 0.74937346 0.00692136 0.11372549 0.09411765 0.09803922
v 0.00603468 0.82489405 0.03066993 0.49803922 0.50196078 0.49803922
v 0.03716961 0.56310894 0.01624065 0.35686275 0.33333333 0.23921569
v 0.03287415 0.72758883 0.00765524 0.07450980 0.09019608 0.09019608
v 0.05704679 0.91791627 0.02723642 0.66666667 0.67450980 0.58039216
v 0.07161453 0.49816952 0.01998058 0.37254902 0.32549020 0.25098039
v -0.25448116 0.67751786 0.02951003 0.60392157 0.47058824 0.32549020
v -0.23768199 1.00848071 -0.00932171 0.85882353 0.83529412 0.79607843
v -0.22552178 0.53850730 0.00955402 0.15686275 0.18823529 0.14901961
v -0.14515938 0.74902718 0.00293060 0.27450980 0.33333333 0.31764706
v -0.06405775 1.05761955 0.01998702 0.85098039 0.85098039 0.84313725
v -0.03043164 1.06200592 0.00840505 0.87450980 0.86666667 0.85882353
v 0.04111220 0.74447108 0.02768631 0.20000000 0.21568627 0.24705882
v 0.05477920 0.70842825 -0.00346936 0.16862745 0.18431373 0.16078431
v 0.05308907 1.03660517 0.00028071 0.80784314 0.81176471 0.81960784
v 0.06132388 0.53583774 0.01995912 0.31372549 0.26274510 0.20784314
v 0.05444387 0.64296263 0.03606918 0.72549020 0.71764706 0.58823529
v -0.23326267 0.96742507 0.00946019 0.81568627 0.80000000 0.73725490
v -0.23118719 0.89288039 0.00644279 0.56078431 0.50588235 0.34509804
v -0.22808945 0.95066420 0.02479158 0.81176471 0.80392157 0.69803922
v -0.22286926 0.73418874 0.01454231 0.30980392 0.30980392 0.29411765
v -0.18298665 0.40131452 0.01548882 0.17254902 0.17254902 0.12549020
v -0.19574361 0.83724325 0.00866725 0.53333333 0.50980392 0.46274510
v -0.18753890 0.58977939 0.00778997 0.27058824 0.22745098 0.18039216
v -0.14325481 1.05511425 0.02195792 0.81568627 0.81960784 0.81176471
v -0.10154653 0.79517839 0.02398919 0.56862745 0.63529412 0.57254902
v -0.04154170 0.78779599 0.01518500 0.15294118 0.18039216 0.13725490
v -0.00102146 0.74830020 0.01359164 0.01568627 0.02745098 0.02352941
v -0.02188321 1.05721909 0.01734753 0.86666667 0.85882353 0.84705882
v 0.03770487 0.41116202 0.00048012 0.27450980 0.25882353 0.19215686
v 0.06422239 0.88015012 0.01489277 0.54117647 0.46274510 0.30588235
v -0.22630895 0.61534092 0.01753015 0.06666667 0.09019608 0.05882353
v -0.24907240 0.84864167 -0.00557786 0.53333333 0.56862745 0.52941176
v -0.23633454 0.91993719 0.00932488 0.76078431 0.75294118 0.64705882
v -0.24201174 0.98686912 -0.01321519 0.83137255 0.81568627 0.77647059
v -0.25702441 0.67873431 -0.02733128 0.71764706 0.43921569 0.29019608
v -0.23703984 0.48658724 0.02688283 0.35686275 0.32549020 0.27450980
v -0.21406497 0.72076266 -0.00621811 0.23921569 0.23921569 0.23921569
v -0.15694276 0.81786847 0.02519233 0.48235294 0.48627451 0.48235294
v -0.21728499 1.05111866 -0.01888796 0.83137255 0.83529412 0.84313725
v -0.13851027 0.40367897 0.00344941 0.18431373 0.16470588 0.11372549
v -0.14314434 0.41935454 -0.00826688 0.18039216 0.17254902 0.12549020
v -0.01210388 0.57744863 0.01089823 0.28235294 0.29803922 0.21176471
v -0.02580769 0.39166912 -0.01032515 0.21176471 0.18823529 0.13725490
v 0.06274223 0.40232010 0.02599095 0.31372549 0.28235294 0.21960784
v 0.02829984 0.81138449 -0.00898185 0.50980392 0.52549020 0.51764706
v 0.04693716 0.47048404 -0.00349233 0.48627451 0.43529412 0.35294118
v 0.04562487 0.83978993 -0.00805660 0.51764706 0.53725490 0.52941176
v 0.07282090 0.66613526 0.00446012 0.43921569 0.44705882 0.38823529
v 0.06497524 0.95495447 0.00632925 0.81568627 0.80784314 0.73725490
v 0.08445456 0.90362545 0.00747670 0.72549020 0.72156863 0.61176471
v -0.23223745 0.90047855 -0.00947158 0.57254902 0.59607843 0.47843137
v -0.19768789 0.53559996 -0.00922098 0.18039216 0.16078431 0.12549020
v -0.16361292 0.42717355 -0.00420282 0.18431373 0.18431373 0.12156863
v -0.15356893 0.78917164 -0.00947158 0.45490196 0.47843137 0.49803922
v -0.10726349 0.38787568 0.00213827 0.29411765 0.29411765 0.23921569
v -0.09031367 0.34288238 -0.00223804 0.23921569 0.27058824 0.21568627
v -0.04456175 0.36553418 -0.00435576 0.34509804 0.31764706 0.26274510
v -0.01284872 0.53801933 -0.00732080 0.16862745 0.12941176 0.07450980
v -0.00126821 0.39484149 -0.00817495 0.23529412 0.22352941 0.16078431
v 0.00400425 0.45118068 -0.01473965 0.45098039 0.40392157 0.31764706
v 0.00936188 0.50951081 -0.01396818 0.45490196 0.37254902 0.26666667
v 0.00037955 0.56276679 -0.01326683 0.07843137 0.05882353 0.03529412
v 0.03457771 0.58677017 -0.02193122 0.20000000 0.14901961 0.08627451
v 0.03983902 0.45816716 -0.03662587 0.38823529 0.34901961 0.26274510
v 0.09058534 0.65535973 -0.01066814 0.29411765 0.16470588 0.09803922
v 0.10289099 0.88866508 0.00477392 0.59215686 0.47450980 0.32549020
v -0.25442238 0.90172510 0.00559758 0.70980392 0.69803922 0.56078431
v -0.24337092 0.64108440 0.01911756 0.10196078 0.07450980 0.05098039
v -0.23363339 0.59387576 -0.02627918 0.18823529 0.13333333 0.08235294
v -0.23204788 0.65454237 0.03167763 0.10196078 0.10980392 0.06666667
v -0.17849626 0.80089142 -0.00549797 0.45882353 0.47450980 0.48627451
v -0.15777451 0.31080618 -0.01215878 0.21176471 0.23529412 0.18039216
v -0.16401072 0.36815380 -0.01293808 0.18431373 0.18039216 0.12549020
v -0.10291246 0.76331862 -0.01493314 0.48627451 0.48235294 0.48627451
v -0.07447622 0.30633415 -0.01134202 0.26274510 0.25882353 0.23137255
v -0.06736645 0.77317602 -0.01060556 0.49019608 0.46666667 0.46274510
v -0.00123354 0.36259569 -0.01359519 0.26274510 0.27843137 0.21568627
v 0.02430150 0.52604530 -0.01203525 0.24705882 0.22745098 0.14509804
v 0.02395142 1.05400599 0.01140964 0.80000000 0.80000000 0.80000000
v 0.04127178 0.60158909 0.00875034 0.41176471 0.33333333 0.23137255
v 0.06945288 1.01483855 -0.01500641 0.86666667 0.85490196 0.83921569
v 0.07204275 0.99756879 -0.02067086 0.87058824 0.85882353 0.83529412
v 0.07629721 0.63707781 0.03177566 0.41176471 0.43529412 0.38039216
v -0.27338148 0.61383571 -0.02551817 0.58823529 0.39607843 0.27058824
v -0.24666497 0.91653424 -0.01915407 0.75294118 0.75294118 0.65882353
v -0.20159379 0.49968846 -0.00800892 0.34509804 0.28627451 0.22745098
v -0.16482074 0.44328048 -0.02113947 0.22352941 0.18823529 0.13333333
v -0.17521969 0.34999019 -0.01847648 0.20784314 0.23137255 0.16862745
v -0.15220177 0.46043278 -0.01211562 0.23921569 0.22745098 0.16470588
v -0.14372389 0.74153859 -0.00556706 0.29019608 0.32549020 0.31764706
v -0.12332085 0.77003873 -0.01783931 0.45882353 0.44705882 0.45490196
v -0.14151066 1.06412528 -0.00449297 0.85098039 0.84705882 0.83921569
v -0.05746682 0.76467540 -0.01726162 0.47450980 0.43921569 0.42352941
v 0.00008140 0.77783384 -0.03470294 0.41176471 0.47450980 0.43137255
v 0.00934608 0.55287234 -0.02722355 0.20784314 0.16470588 0.10980392
v 0.02219170 0.45153597 -0.02006653 0.44705882 0.39607843 0.31372549
v 0.01764114 0.73491210 -0.00846520 0.14117647 0.15294118 0.15294118
v 0.07799467 0.85266026 0.00031899 0.60000000 0.51372549 0.41960784
v 0.08054323 0.93289182 -0.01501751 0.81176471 0.80000000 0.72941176
v -0.25312041 0.84405637 -0.02037383 0.51764706 0.53725490 0.50196078
v -0.24218936 0.98125686 -0.02870176 0.82745098 0.80784314 0.76470588
v -0.21217111 0.57967992 -0.03230516 0.12549020 0.09803922 0.07058824
v -0.21675607 0.53583646 -0.03507474 0.16862745 0.16078431 0.12549020
v -0.21162164 0.56267420 -0.04057811 0.03921569 0.03921569 0.02352941
v -0.17864418 0.40996139 -0.03012898 0.14901961 0.18823529 0.11764706
v -0.18691385 0.44292449 -0.03077159 0.26666667 0.30980392 0.25490196
v -0.13597826 0.37660285 -0.00767757 0.33333333 0.33725490 0.29019608
v -0.16643012 0.78069604 -0.04112814 0.43529412 0.46666667 0.48235294
v -0.13781992 0.75980341 -0.04055344 0.43921569 0.45098039 0.44313725
v -0.15521648 1.07016094 -0.03349318 0.83921569 0.84705882 0.84313725
v -0.03852472 1.07134993 -0.02334975 0.87843137 0.87450980 0.86666667
v -0.02702236 0.30912470 -0.01456416 0.27450980 0.27843137 0.22745098
v 0.03402383 0.36090196 -0.02963507 0.38039216 0.36862745 0.29019608
v 0.02997930 0.72706954 -0.01682878 0.14509804 0.15294118 0.14509804
v 0.09153253 0.57483950 -0.04218026 0.61568627 0.43529412 0.32156863
v 0.11350052 0.59710414 -0.03275740 0.71372549 0.53333333 0.39607843
v 0.12601834 0.55227828 -0.01948272 0.13333333 0.10588235 0.08627451
v -0.26274169 0.90339300 -0.03131831 0.72156863 0.70588235 0.58039216
v -0.25293035 0.87844029 -0.05611247 0.61960784 0.54509804 0.39607843
v -0.21657486 0.59284808 -0.02698416 0.15294118 0.14117647 0.09019608
v -0.21010894 0.72027068 -0.03886454 0.42352941 0.36862745 0.32549020
v -0.19164209 0.47754743 -0.00959134 0.33333333 0.29803922 0.23529412
v -0.18579803 0.40812422 -0.03243461 0.16078431 0.16862745 0.11764706
v -0.18267063 0.78808707 -0.05368377 0.45882353 0.47843137 0.49019608
v -0.05494915 1.07450369 -0.03550449 0.87450980 0.86666667 0.85882353
v -0.02343590 0.74541097 -0.03480091 0.06274510 0.08235294 0.07450980
v 0.01272367 0.78726096 -0.04799759 0.45098039 0.47843137 0.49019608
v 0.07471916 0.70170620 -0.00059761 0.26666667 0.29019608 0.24313725
v 0.06641346 0.49726438 -0.01727411 0.14117647 0.10980392 0.08627451
v 0.06255888 1.04875514 -0.03478999 0.83921569 0.83921569 0.84313725
v 0.09266099 0.85452909 -0.02356045 0.61960784 0.54901961 0.40784314
v 0.16430941 0.53265664 -0.05070810 0.62745098 0.55294118 0.47843137
v -0.25841151 0.66112295 -0.04743936 0.71372549 0.47843137 0.34117647
v -0.29697992 0.56857388 -0.05387059 0.50588235 0.50980392 0.44705882
v -0.25213709 0.67007420 -0.05697838 0.74117647 0.50980392 0.40000000
v -0.23810509 1.00638978 -0.04983898 0.86274510 0.84313725 0.78431373
v -0.21723847 0.71122579 -0.04284217 0.41176471 0.35686275 0.32156863
v -0.22471621 0.49145568 -0.04416794 0.32549020 0.28627451 0.21960784
v -0.19543735 0.35592909 -0.03815902 0.30588235 0.27058824 0.21960784
v -0.18304704 0.72871804 -0.05618336 0.47450980 0.48235294 0.45882353
v -0.20343160 0.31460735 -0.04745137 0.25098039 0.29411765 0.24313725
v -0.00411159 0.72863160 -0.05857590 0.20784314 0.22352941 0.21568627
v 0.01848934 0.31263361 -0.02961624 0.21568627 0.22352941 0.17647059
v 0.01672366 1.06304170 -0.01755250 0.86274510 0.85490196 0.85098039
v 0.05587110 0.84869887 -0.05417383 0.63137255 0.51372549 0.37254902
v 0.04094394 0.37319503 -0.03582527 0.37254902 0.45098039 0.38431373
v 0.04620919 0.54254807 -0.00160997 0.25882353 0.20784314 0.14509804
v 0.07365750 0.59334201 -0.02736797 0.01176471 0.00784314 0.00392157
v 0.13318849 0.51599567 -0.04444460 0.67450980 0.55294118 0.43529412
v -0.22269397 0.84806721 -0.05701491 0.58431373 0.50588235 0.43137255
v -0.20302731 0.83279447 -0.03010969 0.52549020 0.49411765 0.46274510
v -0.01735668 0.76782548 -0.04409084 0.45098039 0.47450980 0.47843137
v 0.01480671 0.55772448 -0.06185486 0.21960784 0.18039216 0.12156863
v 0.03361527 1.07352872 -0.06603360 0.87450980 0.86274510 0.85882353
v 0.05672139 0.53637556 -0.05913491 0.43529412 0.29411765 0.18431373
v 0.06698795 0.66199345 -0.03680639 0.19215686 0.12941176 0.09803922
v 0.04921841 0.67655985 -0.06544921 0.04705882 0.05882353 0.06274510
v 0.05604324 0.50255423 -0.06564626 0.46274510 0.32156863 0.21960784
v 0.07577939 0.60558232 -0.07119971 0.75686275 0.56470588 0.41568627
v 0.08463381 0.86658676 -0.04854822 0.69019608 0.56078431 0.32941176
v 0.07841633 0.59361803 -0.04870731 0.65882353 0.45882353 0.34117647
v 0.07934696 0.95887354 -0.03562485 0.85098039 0.83921569 0.80000000
v 0.08999238 0.90834613 -0.05693015 0.78039216 0.78039216 0.68627451
v 0.14059824 0.57128971 -0.03573223 0.45490196 0.41568627 0.34117647
v -0.25338532 0.92245674 -0.04702871 0.77647059 0.76078431 0.64705882
v -0.22367757 0.89327990 -0.06396942 0.50588235 0.53333333 0.43921569
v -0.24891967 0.96902899 -0.06520937 0.81568627 0.79607843 0.73725490
v -0.22729243 0.49303853 -0.06470729 0.33725490 0.27843137 0.21960784
v -0.20019532 0.36230882 -0.04305227 0.28235294 0.28627451 0.23137255
v -0.16311500 0.29639178 -0.05592351 0.21176471 0.26666667 0.19607843
v -0.13047594 0.29749379 -0.05199678 0.30196078 0.29803922 0.25490196
v -0.14547824 0.73161558 -0.06318922 0.51372549 0.50588235 0.47058824
v -0.14057304 0.76069760 -0.04543873 0.45490196 0.45882353 0.45098039
v -0.10119387 0.30174623 -0.06426063 0.28235294 0.28235294 0.24313725
v -0.05358929 0.75474994 -0.08916679 0.49019608 0.46274510 0.43529412
v -0.03138001 0.72783083 -0.07528776 0.56470588 0.48235294 0.44705882
v 0.01159038 0.29852538 -0.05757220 0.19215686 0.23921569 0.18431373
v 0.03130896 0.71577677 -0.04205657 0.10196078 0.10980392 0.10980392
v 0.02862967 0.54141282 -0.07139092 0.26274510 0.24313725 0.14901961
v 0.07110072 0.89402537 -0.05230365 0.59215686 0.65882353 0.56862745
v 0.07326404 1.00453721 -0.04957837 0.89019608 0.87843137 0.85490196
v -0.29953355 0.54796251 -0.07021932 0.43921569 0.41568627 0.39607843
v -0.22368492 0.47699265 -0.07447627 0.15686275 0.20000000 0.14117647
v -0.21662396 0.56467729 -0.05233142 0.18823529 0.14117647 0.10196078
v -0.20367191 0.71667120 -0.06148134 0.42745098 0.39607843 0.37254902
v -0.12959970 1.08026883 -0.06316393 0.85098039 0.85490196 0.87058824
v -0.05627570 0.29802812 -0.04961508 0.29019608 0.29019608 0.24313725
v 0.00185167 1.08045399 -0.06869429 0.87843137 0.87450980 0.87450980
v 0.03764145 0.59592646 -0.08471865 0.46274510 0.36078431 0.20392157
v 0.03436713 0.62443257 -0.07031925 0.45098039 0.29411765 0.20000000
v 0.03993083 0.48259107 -0.07335300 0.28235294 0.25098039 0.15686275
v 0.05349808 0.64004076 -0.07213687 0.16078431 0.14509804 0.12156863
v 0.07024881 1.00714467 -0.09023233 0.87058824 0.85882353 0.82745098
v 0.07063548 1.02768748 -0.07054601 0.83137255 0.83137255 0.83137255
v 0.10505674 0.62564752 -0.04852606 0.74901961 0.58039216 0.41176471
v -0.23554226 1.02544774 -0.05853132 0.82352941 0.81568627 0.81176471
v -0.19897982 0.80644699 -0.08466372 0.49019608 0.47843137 0.46666667
v -0.17323938 0.23865952 -0.07231812 0.47450980 0.50196078 0.44313725
v -0.13715147 0.24331716 -0.06478003 0.48235294 0.49411765 0.45098039
v -0.10511138 0.74937305 -0.08344110 0.53725490 0.49803922 0.47843137
v -0.14455272 1.08438985 -0.07506428 0.83137255 0.84705882 0.86666667
v -0.01757860 0.26779737 -0.05627028 0.33725490 0.43921569 0.33333333
v -0.04324608 0.22950843 -0.07611422 0.49411765 0.50196078 0.46666667
v -0.00938095 0.19476228 -0.07177120 0.50196078 0.49019608 0.46666667
v 0.03098047 0.66322894 -0.07566496 0.30980392 0.19607843 0.10980392
v 0.05379236 0.36010525 -0.09554733 0.42352941 0.38823529 0.30196078
v 0.06282291 0.61041738 -0.07738282 0.74117647 0.53725490 0.37254902
v 0.07587067 0.96178284 -0.06826131 0.84313725 0.83529412 0.79607843
v 0.09151284 0.60333796 -0.08827864 0.81568627 0.64313725 0.54117647
v 0.11045951 0.61332231 -0.06101630 0.78823529 0.60784314 0.47450980
v 0.09274227 0.91745624 -0.02971014 0.81176471 0.80392157 0.72549020
v -0.31912788 0.54891707 -0.10244697 0.44313725 0.44705882 0.45882353
v -0.27222022 0.52161814 -0.08249280 0.27450980 0.27058824 0.22352941
v -0.26882952 0.63541648 -0.08045476 0.70980392 0.51372549 0.40000000
v -0.24985397 0.54894718 -0.07809120 0.35686275 0.26274510 0.20784314
v -0.24788873 0.94150552 -0.10075839 0.76862745 0.75294118 0.66274510
v -0.24559880 1.00098414 -0.07816965 0.83921569 0.81568627 0.77254902
v -0.22775925 0.64688044 -0.08150877 0.30588235 0.27058824 0.17254902
v -0.21497783 0.41443308 -0.06555727 0.23137255 0.26274510 0.19215686
v -0.23057569 0.51894989 -0.10700287 0.09803922 0.08627451 0.05882353
v -0.21344343 0.34441738 -0.15329833 0.23137255 0.21960784 0.16862745
v -0.22133063 1.06551858 -0.07209910 0.85490196 0.85098039 0.85098039
v -0.14391664 0.17471636 -0.07951831 0.50196078 0.48627451 0.45490196
v -0.11369852 0.23806225 -0.08276564 0.48627451 0.50196078 0.45490196
v -0.05598904 0.29050396 -0.06226643 0.28627451 0.30588235 0.25882353
v -0.07262288 0.30009986 -0.11900351 0.34901961 0.35294118 0.29803922
v 0.01820125 0.70009408 -0.06722603 0.44705882 0.49019608 0.43921569
v 0.00123928 0.14461863 -0.07899104 0.49803922 0.48627451 0.46274510
v 0.05202072 1.07110454 -0.09137170 0.87058824 0.85882353 0.85098039
v 0.04312646 0.41824803 -0.09092734 0.45098039 0.44313725 0.34901961
v 0.05341056 0.31625722 -0.06041163 0.40784314 0.40000000 0.32549020
v 0.07284472 0.63967128 -0.07584481 0.69803922 0.45882353 0.34117647
v 0.07865899 0.91924606 -0.10536726 0.76078431 0.75294118 0.70588235
v 0.07906019 0.96626564 -0.08399884 0.83137255 0.82352941 0.79607843
v 0.13753717 0.60348196 -0.10371056 0.58039216 0.56862745 0.54509804
v -0.27722507 0.50019435 -0.10486448 0.40784314 0.39607843 0.40784314
v -0.24662917 0.53891092 -0.10799995 0.52549020 0.41568627 0.32941176
v -0.23298185 1.01984694 -0.08469341 0.82352941 0.81960784 0.80784314
v -0.21208846 0.65977077 -0.09522053 0.23529412 0.18039216 0.15294118
v -0.21904549 0.31659569 -0.08875722 0.29411765 0.30588235 0.26666667
v -0.21811967 0.48512467 -0.08428266 0.14509804 0.11764706 0.08627451
v -0.18420686 1.08112507 -0.08293002 0.84705882 0.85098039 0.86666667
v -0.16537536 0.70701536 -0.08115391 0.58039216 0.65882353 0.54509804
v -0.11448548 0.20208094 -0.09160745 0.50588235 0.49411765 0.47450980
v -0.09034888 0.30308582 -0.08585579 0.28627451 0.29803922 0.24705882
v -0.06126521 0.74755811 -0.08213098 0.53725490 0.48627451 0.45490196
v -0.01582329 1.08490931 -0.07184437 0.88627451 0.88235294 0.89019608
v 0.01761979 0.66619955 -0.10391765 0.54901961 0.47450980 0.35686275
v 0.04171119 0.30014057 -0.08235708 0.42745098 0.38823529 0.30980392
v 0.04167707 0.24867715 -0.08322663 0.52549020 0.49803922 0.41960784
v 0.04672679 0.81611712 -0.06915763 0.42352941 0.43921569 0.43921569
v 0.05512450 0.37472158 -0.07291617 0.52156863 0.47843137 0.38823529
v 0.09215235 0.56040253 -0.07151158 0.72549020 0.52156863 0.40000000
v -0.30555056 0.58664546 -0.09368188 0.48235294 0.49803922 0.50588235
v -0.24397627 0.97619900 -0.08871369 0.78823529 0.77647059 0.74117647
v -0.25178240 0.91068213 -0.08809387 0.69803922 0.70588235 0.61176471
v -0.23837558 0.47984821 -0.10769874 0.20784314 0.17647059 0.13725490
v -0.21634500 0.89145156 -0.10144868 0.53725490 0.55294118 0.48627451
v -0.22622258 0.47401959 -0.10470432 0.22745098 0.20784314 0.16078431
v -0.21441226 0.85117242 -0.11140672 0.52941176 0.49803922 0.43137255
v -0.20815216 0.30881000 -0.10141873 0.29411765 0.32549020 0.27450980
v -0.19964316 0.26632803 -0.08550704 0.47450980 0.49411765 0.45490196
v -0.19779658 0.16594930 -0.10283687 0.49803922 0.47450980 0.43529412
v -0.17243744 0.14752897 -0.08974608 0.49411765 0.47843137 0.45098039
v -0.15792099 0.72059004 -0.07991412 0.59607843 0.63137255 0.58039216
v -0.07845843 0.72451924 -0.10357257 0.73333333 0.70196078 0.63921569
v -0.06714613 0.23977357 -0.13027987 0.49019608 0.50196078 0.47450980
v -0.04637218 0.17085362 -0.09222980 0.50196078 0.49019608 0.46274510
v -0.04346561 0.70674266 -0.09645249 0.45490196 0.29411765 0.25490196
v 0.00288490 0.64972447 -0.11614059 0.50588235 0.35294118 0.24313725
v 0.04373888 0.14588298 -0.10236406 0.49411765 0.48627451 0.47058824
v 0.01878022 0.55953149 -0.10736191 0.32549020 0.23921569 0.17647059
v 0.10853472 0.52447835 -0.05235418 0.56470588 0.47843137 0.38039216
v -0.26815150 0.60501348 -0.11486921 0.62352941 0.55686275 0.50980392
v -0.24673220 0.63732938 -0.09163478 0.71372549 0.53333333 0.39607843
v -0.23964675 0.56531290 -0.11669312 0.31372549 0.29019608 0.20392157
v -0.20715477 0.63989065 -0.11120595 0.29803922 0.22745098 0.16862745
v -0.21469444 0.41220082 -0.09908782 0.30588235 0.26274510 0.21176471
v -0.20830326 0.59882052 -0.11727078 0.27058824 0.23921569 0.17254902
v -0.13389753 0.14205384 -0.08952038 0.49411765 0.48235294 0.46274510
v -0.14200375 0.71048849 -0.10077125 0.23137255 0.24705882 0.25882353
v -0.14169020 0.76679088 -0.08554296 0.47450980 0.47450980 0.48235294
v -0.11294123 0.15144679 -0.10090834 0.49411765 0.48235294 0.46274510
v -0.13996480 1.08812563 -0.10533345 0.83529412 0.84705882 0.87058824
v -0.05180905 0.18765748 -0.09313724 0.50588235 0.49411765 0.47058824
v -0.02669129 0.70297389 -0.10355440 0.46274510 0.45490196 0.43529412
v 0.01076123 1.08688317 -0.10984242 0.85490196 0.85098039 0.86274510
v 0.01003017 0.13397283 -0.09881210 0.49803922 0.47843137 0.44705882
v 0.02774936 0.59971760 -0.10365188 0.41568627 0.30980392 0.20784314
v 0.03504243 0.49870302 -0.09946581 0.33333333 0.27450980 0.17647059
v 0.01463903 0.16109296 -0.08102141 0.50196078 0.49019608 0.46274510
v 0.13577314 0.50898146 -0.10293482 0.57647059 0.54901961 0.49803922
v -0.31020037 0.54495009 -0.13898946 0.44705882 0.44705882 0.45098039
v -0.22147417 0.55850325 -0.09089422 0.37254902 0.30196078 0.22745098
v -0.21911787 1.03382144 -0.12783148 0.80392157 0.81176471 0.83137255
v -0.19802770 0.14779805 -0.10671524 0.49411765 0.47843137 0.45098039
v -0.21600767 0.23833241 -0.13254161 0.47843137 0.50588235 0.46666667
v -0.21616862 0.31749658 -0.10562115 0.29019608 0.32941176 0.27843137
v -0.21619358 0.56744206 -0.10368920 0.35294118 0.32156863 0.22352941
v -0.17093461 0.67446955 -0.11439780 0.36862745 0.31764706 0.23137255
v -0.13617732 0.68924677 -0.12263466 0.39215686 0.52941176 0.42352941
v -0.10814716 0.69467311 -0.10697566 0.29411765 0.40000000 0.38039216
v -0.05684110 0.14315027 -0.11821864 0.49803922 0.48627451 0.46666667
v -0.03029165 0.75976512 -0.08026794 0.52549020 0.49411765 0.47450980
v -0.00310717 0.01981861 -0.10263778 0.26666667 0.25098039 0.22745098
v 0.01029397 0.52455215 -0.12519488 0.37254902 0.31764706 0.23137255
v 0.05086590 0.21459688 -0.10093086 0.51372549 0.50196078 0.47450980
v 0.05540851 0.87066023 -0.13262855 0.51372549 0.50196078 0.45882353
v 0.04647771 0.90486868 -0.10442117 0.60784314 0.63921569 0.56078431
v 0.05318247 1.05008308 -0.12651687 0.83529412 0.83137255 0.83921569
v 0.06399873 1.02131633 -0.12649860 0.81960784 0.81568627 0.81176471
v 0.06441212 0.99716880 -0.12543414 0.82352941 0.81568627 0.79607843
v 0.15842726 0.57459778 -0.09347023 0.58823529 0.57254902 0.51764706
v -0.26481083 0.60270272 -0.11925777 0.56470588 0.56470588 0.51764706
v -0.23314138 0.99849163 -0.11817384 0.81568627 0.80392157 0.77254902
v -0.22730799 0.45272341 -0.10796001 0.31372549 0.31372549 0.24705882
v -0.21281033 0.14854503 -0.14068123 0.50196078 0.48235294 0.45490196
v -0.17585082 0.66492308 -0.12055356 0.46274510 0.32549020 0.21568627
v -0.19019958 0.79508208 -0.12543720 0.49019608 0.48235294 0.48235294
v -0.15136205 0.10866168 -0.10985422 0.40784314 0.40000000 0.36470588
v -0.15623218 0.66514685 -0.12298887 0.49411765 0.50196078 0.34117647
v -0.16104979 0.07343606 -0.11267568 0.38823529 0.37647059 0.34509804
v -0.08639153 1.09331553 -0.11787377 0.86274510 0.86666667 0.88627451
v -0.04395588 0.14208757 -0.10086707 0.49803922 0.48627451 0.46274510
v -0.03989066 0.68254012 -0.13094525 0.32941176 0.45882353 0.37254902
v 0.01169538 0.05806740 -0.11656799 0.36470588 0.34509804 0.30196078
v 0.00782621 0.78285762 -0.11316030 0.46274510 0.46666667 0.47843137
v -0.01492204 0.06776196 -0.11467753 0.36470588 0.36078431 0.33333333
v 0.02545593 0.48719788 -0.12718197 0.36862745 0.31372549 0.24705882
v 0.03078997 0.01679435 -0.12231182 0.29019608 0.25490196 0.21176471
v 0.11887886 0.52994329 -0.13812988 0.53725490 0.52941176 0.52156863
v -0.30405814 0.51519225 -0.15050227 0.41176471 0.41568627 0.41568627
v -0.21356782 0.50895521 -0.12608407 0.18431373 0.18039216 0.13725490
v -0.17902930 0.13233990 -0.11795221 0.48235294 0.46274510 0.43137255
v -0.12887159 0.01757216 -0.11930474 0.24705882 0.24313725 0.22745098
v -0.12941571 0.05997707 -0.13012520 0.31372549 0.30588235 0.27843137
v -0.09601957 0.23289520 -0.11805858 0.49019608 0.50588235 0.45882353
v -0.05955571 0.68448277 -0.12230904 0.54509804 0.47843137 0.33725490
v 0.01154954 0.57812815 -0.11682258 0.35686275 0.29803922 0.22745098
v 0.03103034 0.05322194 -0.15090382 0.36470588 0.33333333 0.28235294
v 0.04800996 0.84062983 -0.10368479 0.49019608 0.47843137 0.43921569
v 0.05412501 0.87222996 -0.07152255 0.50196078 0.52156863 0.45490196
v 0.05983177 0.31296482 -0.12562964 0.52941176 0.47843137 0.38431373
v 0.05597563 0.93562800 -0.14756305 0.70196078 0.70980392 0.65882353
v 0.07830689 0.93846724 -0.10862056 0.80000000 0.79215686 0.74509804
v -0.25158396 0.47886926 -0.13337945 0.25490196 0.27450980 0.23137255
v -0.22741665 0.98248794 -0.13182083 0.77647059 0.77647059 0.75294118
v -0.22100626 0.44118626 -0.14196893 0.38823529 0.35294118 0.28627451
v -0.21645511 0.21127802 -0.14566519 0.51372549 0.49803922 0.47058824
v -0.20699644 0.83338581 -0.14282100 0.50980392 0.48235294 0.45098039
v -0.20893328 1.06839790 -0.11091504 0.86274510 0.85490196 0.85882353
v -0.17158755 0.04864842 -0.12350470 0.28627451 0.27450980 0.24705882
v -0.14366062 0.63612880 -0.14195300 0.23921569 0.33333333 0.24705882
v -0.08279458 0.29377488 -0.13099742 0.36470588 0.37647059 0.32941176
v -0.08432576 0.67608043 -0.13486987 0.81176471 0.62745098 0.45882353
v -0.00593711 1.09356894 -0.12113125 0.86666667 0.86666667 0.88235294
v -0.05962391 0.14310728 -0.13028961 0.50196078 0.48627451 0.46274510
v -0.00633463 0.61954498 -0.14218772 0.39215686 0.47450980 0.34509804
v -0.00223632 0.58075571 -0.14231931 0.36078431 0.33333333 0.20784314
v 0.02765146 0.11893556 -0.16033201 0.47843137 0.45490196 0.41176471
v 0.05237476 0.36224534 -0.14069427 0.41176471 0.39607843 0.31372549
v 0.04995116 0.92432334 -0.13534941 0.63137255 0.67450980 0.63529412
v 0.14465669 0.54249090 -0.13783209 0.56078431 0.55294118 0.54117647
v -0.28916751 0.57879305 -0.13588844 0.21960784 0.25882353 0.30980392
v -0.27723372 0.56564550 -0.13877580 0.21568627 0.24313725 0.28627451
v -0.23921209 0.95706417 -0.13796295 0.74117647 0.74117647 0.67843137
v -0.23466126 0.92855962 -0.12685207 0.70588235 0.71372549 0.63921569
v -0.20842370 0.31637262 -0.15864397 0.32941176 0.35686275 0.31764706
v -0.19247862 0.02871395 -0.15985546 0.24313725 0.22352941 0.20000000
v -0.16792863 0.63339035 -0.14453757 0.49411765 0.30588235 0.20000000
v -0.15865652 1.09325915 -0.13433259 0.81568627 0.83137255 0.85882353
v -0.11758730 0.66205611 -0.14691731 0.29411765 0.30196078 0.17254902
v -0.09212946 0.66239009 -0.14277774 0.72156863 0.56862745 0.34509804
v -0.06168673 0.17442167 -0.13355997 0.50588235 0.49019608 0.46274510
v -0.05520900 0.65427031 -0.14901178 0.65490196 0.57647059 0.37647059
v -0.04021672 0.07754483 -0.13606801 0.39607843 0.38431373 0.35294118
v -0.05814232 0.75073151 -0.17918834 0.56470588 0.50980392 0.45490196
v -0.02635290 0.04685104 -0.12399182 0.30196078 0.29803922 0.27058824
v -0.02956206 0.00617447 -0.12141738 0.21568627 0.20000000 0.18039216
v -0.02394309 1.09574684 -0.13786891 0.87058824 0.87450980 0.89019608
v -0.01652840 0.63226443 -0.14513239 0.29019608 0.46274510 0.37254902
v 0.00303852 0.54564509 -0.12641904 0.54509804 0.44705882 0.34509804
v 0.02994647 1.07908561 -0.12595784 0.86274510 0.85490196 0.85882353
v 0.03889619 0.81331459 -0.14065250 0.49019608 0.47843137 0.45882353
v 0.03267671 0.13530232 -0.14166070 0.50196078 0.48627451 0.46666667
v 0.04655314 0.89407199 -0.15201241 0.52941176 0.52156863 0.47450980
v 0.07509713 0.95297270 -0.12888955 0.75686275 0.75686275 0.73333333
v 0.04538437 0.94864454 -0.17809161 0.78823529 0.77254902 0.70196078
v -0.22371868 0.96978463 -0.16451506 0.79607843 0.78823529 0.76078431
v -0.20634935 0.47239888 -0.14819475 0.29019608 0.25882353 0.21176471
v -0.21171942 0.92700552 -0.14667207 0.70196078 0.71764706 0.63921569
v -0.19708981 0.87302169 -0.16931137 0.51764706 0.49019608 0.44705882
v -0.19892142 1.05241971 -0.15271877 0.85490196 0.85098039 0.85882353
v -0.20084242 0.55428542 -0.14000695 0.25882353 0.24313725 0.20784314
v -0.18818083 0.84890151 -0.18163021 0.51372549 0.50196078 0.47058824
v -0.12173839 0.13357170 -0.11796956 0.49019608 0.47843137 0.45490196
v -0.06558867 0.64060910 -0.15173110 0.67058824 0.53333333 0.35686275
v -0.02910775 0.64846916 -0.14015689 0.30980392 0.45098039 0.35686275
v -0.03738315 0.57737983 -0.15787654 0.25882353 0.35686275 0.27843137
v 0.02433094 0.07248869 -0.16410466 0.40392157 0.37254902 0.32549020
v 0.02659570 0.11250837 -0.12016662 0.44313725 0.43529412 0.40000000
v 0.03542831 1.03992795 -0.15167026 0.83137255 0.82745098 0.83137255
v 0.05737129 1.02986937 -0.10922777 0.81176471 0.81176471 0.81176471
v 0.03541251 0.36973598 -0.17792831 0.50588235 0.45490196 0.37647059
v 0.05935300 0.98096316 -0.15036021 0.80392157 0.79607843 0.78431373
v 0.08755495 0.56066416 -0.16074923 0.50980392 0.52941176 0.53333333
v -0.24182228 0.53439003 -0.14487888 0.18823529 0.25098039 0.22352941
v -0.21436972 0.93810764 -0.16787034 0.78039216 0.77254902 0.70588235
v -0.21003153 0.99973838 -0.15922535 0.82352941 0.81176471 0.78039216
v -0.21315461 0.23333181 -0.15852062 0.56470588 0.50196078 0.43921569
v -0.18553307 0.46721105 -0.16764213 0.40784314 0.32549020 0.27058824
v -0.17924322 1.05872846 -0.16867117 0.85882353 0.85490196 0.85882353
v -0.17384336 1.08670441 -0.14216029 0.83529412 0.84313725 0.86274510
v -0.17038662 0.78643324 -0.15899535 0.47450980 0.47058824 0.46274510
v -0.15560329 0.61383177 -0.15383386 0.28235294 0.30588235 0.19607843
v -0.14514739 1.09564438 -0.14511389 0.81960784 0.83529412 0.86274510
v -0.12766461 0.58835681 -0.16173751 0.20000000 0.25490196 0.17647059
v -0.14706404 0.58518870 -0.15633881 0.22745098 0.29019608 0.20000000
v -0.05837649 1.10000000 -0.14819198 0.88235294 0.88235294 0.89803922
v -0.05008772 0.59589475 -0.15911281 0.43529412 0.45098039 0.32549020
v -0.06177435 0.29821382 -0.16437252 0.40392157 0.37254902 0.32156863
v -0.06256262 0.24803687 -0.16688290 0.50196078 0.47843137 0.43529412
v -0.03503683 0.06500316 -0.16776670 0.34117647 0.32941176 0.30196078
v -0.01878524 0.53377997 -0.15274655 0.28627451 0.27058824 0.18823529
v -0.01854372 0.57340800 -0.15474518 0.21960784 0.38431373 0.29019608
v 0.00903720 0.79026090 -0.16457113 0.45490196 0.45490196 0.44705882
v 0.01851030 0.44174606 -0.16698853 0.58039216 0.50588235 0.43137255
v 0.02951895 0.44316919 -0.15396578 0.55686275 0.50980392 0.41960784
v 0.04730428 0.29934766 -0.14088985 0.49803922 0.45882353 0.37647059
v 0.02927224 0.92669421 -0.16335791 0.66274510 0.66666667 0.58823529
v 0.03859321 1.01344474 -0.16074201 0.84313725 0.82745098 0.79607843
v -0.20675933 1.02788617 -0.15580826 0.83137255 0.82745098 0.83529412
v -0.16534775 0.56417684 -0.16409821 0.22745098 0.25490196 0.17647059
v -0.16723582 0.60554225 -0.15435115 0.45098039 0.29019608 0.18039216
v -0.14738706 0.76926063 -0.16510945 0.44313725 0.44705882 0.44705882
v -0.12555917 0.06398942 -0.17001563 0.31764706 0.30196078 0.26274510
v -0.08357649 0.61885588 -0.15882835 0.68235294 0.48627451 0.32549020
v -0.09531604 0.15182969 -0.16343867 0.50196078 0.48627451 0.45882353
v -0.08997611 0.53085027 -0.16663750 0.47843137 0.38431373 0.30196078
v -0.09833196 0.57140526 -0.16339723 0.57647059 0.42745098 0.28627451
v -0.06686400 0.58238336 -0.16558128 0.61176471 0.49019608 0.33333333
v -0.05668380 0.54829589 -0.16544265 0.52941176 0.47843137 0.34901961
v -0.04249760 0.51956320 -0.16537533 0.26666667 0.23529412 0.16862745
v -0.02965801 1.09415962 -0.17370083 0.89019608 0.88627451 0.89803922
v -0.04212230 0.13240205 -0.16790596 0.49803922 0.48235294 0.45882353
v -0.00999597 1.08633988 -0.16696517 0.89019608 0.88235294 0.88627451
v -0.01164676 0.49491062 -0.17153533 0.36470588 0.40000000 0.29411765
v 0.01264812 0.13766525 -0.16870713 0.50980392 0.48235294 0.44705882
v 0.03537565 0.02966940 -0.17300893 0.36078431 0.32549020 0.28235294
v 0.04188045 0.43122784 -0.13287767 0.50196078 0.47450980 0.38431373
v 0.05472567 0.15032209 -0.15280868 0.50980392 0.49411765 0.47450980
v 0.04816107 0.31955149 -0.17160077 0.36862745 0.45882353 0.42352941
v 0.10756425 0.54035993 -0.16218889 0.50196078 0.50588235 0.51372549
v 0.10346252 0.60318735 -0.16563486 0.49411765 0.50588235 0.52156863
v 0.11404259 0.53729119 -0.16441406 0.52549020 0.52156863 0.52156863
v -0.26664482 0.54776865 -0.16868963 0.40392157 0.40392157 0.40392157
v -0.27851567 0.48294119 -0.17586594 0.36470588 0.36862745 0.36470588
v -0.23502711 0.51450677 -0.18775280 0.27450980 0.23137255 0.18823529
v -0.21886326 0.42197116 -0.14465885 0.32941176 0.31764706 0.25098039
v -0.20662168 0.14535963 -0.16371207 0.50588235 0.48627451 0.46274510
v -0.18663671 0.91713118 -0.17444617 0.67843137 0.69019608 0.63137255
v -0.18220656 1.04153662 -0.17066863 0.83529412 0.83529412 0.84705882
v -0.18965344 0.06580445 -0.15842946 0.28235294 0.26274510 0.23529412
v -0.19062736 0.13649203 -0.15329209 0.49411765 0.48235294 0.45882353
v -0.16676310 0.52058478 -0.17647234 0.19215686 0.15294118 0.10980392
v -0.16342866 0.79494369 -0.18023203 0.48235294 0.48627451 0.49019608
v -0.14697486 0.53022789 -0.16298037 0.21568627 0.20000000 0.13333333
v -0.13147452 1.09709657 -0.16619226 0.84705882 0.85490196 0.87843137
v -0.12074788 0.11007733 -0.16709018 0.41176471 0.40000000 0.36078431
v -0.11038231 0.54425601 -0.16693679 0.45882353 0.39215686 0.28235294
v -0.11237087 0.13700692 -0.15921066 0.49803922 0.47843137 0.45098039
v -0.09542049 0.25511534 -0.16737122 0.26274510 0.30196078 0.27058824
v -0.12439061 0.26402119 -0.19621957 0.49411765 0.45490196 0.40000000
v -0.06645581 0.50934199 -0.17429785 0.38823529 0.30588235 0.22352941
v -0.10274826 0.74576538 -0.13999491 0.49803922 0.50196078 0.48235294
v -0.07746812 0.74952511 -0.19031295 0.52549020 0.49803922 0.47058824
v 0.00735734 1.08952348 -0.14730254 0.86666667 0.86274510 0.87058824
v -0.03432506 0.02231389 -0.21083102 0.28235294 0.27450980 0.26274510
v -0.03619060 0.02959953 -0.15539283 0.28235294 0.26666667 0.23921569
v 0.00537351 0.10507967 -0.17639387 0.44313725 0.42745098 0.39215686
v -0.01010615 0.51666785 -0.16857416 0.21568627 0.21568627 0.13333333
v 0.01904042 1.06394332 -0.16656645 0.85882353 0.84705882 0.83921569
v 0.00531266 0.13354962 -0.17216302 0.50588235 0.48627451 0.45490196
v -0.00122994 0.86852825 -0.17511554 0.52156863 0.49803922 0.44705882
v 0.01125597 0.87783421 -0.16685765 0.52156863 0.50196078 0.46666667
v 0.02778200 0.30682973 -0.17281866 0.40784314 0.37254902 0.31372549
v 0.05121836 0.22464459 -0.16853027 0.55686275 0.50980392 0.47058824
v -0.28136561 0.49977307 -0.19108556 0.37254902 0.33333333 0.34117647
v -0.26213120 0.53267416 -0.18411022 0.52941176 0.51764706 0.49803922
v -0.25209773 0.47103267 -0.16731347 0.38039216 0.33333333 0.29803922
v -0.20056666 0.16464502 -0.18591286 0.50588235 0.49411765 0.47058824
v -0.20661822 0.20480816 -0.18155107 0.51372549 0.50588235 0.48627451
v -0.19870645 0.03435815 -0.19609174 0.24705882 0.23137255 0.21568627
v -0.19936846 0.30559945 -0.16742426 0.36078431 0.35294118 0.31372549
v -0.20226006 0.38382785 -0.17751392 0.36862745 0.38039216 0.33333333
v -0.16944212 0.08238406 -0.18319807 0.42745098 0.40784314 0.37254902
v -0.13628143 0.45112848 -0.18755830 0.39215686 0.33333333 0.26666667
v -0.17752947 0.48552069 -0.17739431 0.37647059 0.30980392 0.24705882
v -0.15778281 0.89973983 -0.17601389 0.54117647 0.54509804 0.49019608
v -0.16367374 1.04221935 -0.18303893 0.83921569 0.84313725 0.84705882
v -0.17785800 0.13401862 -0.17427033 0.49803922 0.47843137 0.45490196
v -0.16545618 0.87241304 -0.17787471 0.52549020 0.51372549 0.47058824
v -0.16046295 1.05850456 -0.18415730 0.86274510 0.86274510 0.85882353
v -0.12532770 0.47485247 -0.18717125 0.31372549 0.25882353 0.20000000
v -0.14241566 0.49606693 -0.18016058 0.32156863 0.29019608 0.21568627
v -0.14764194 0.08231556 -0.18672339 0.43137255 0.42352941 0.39215686
v -0.15169685 0.12598828 -0.18722812 0.47450980 0.45882353 0.43529412
v -0.08729411 1.08893513 -0.18449867 0.89803922 0.89411765 0.89803922
v -0.09834619 0.29326606 -0.17246167 0.39607843 0.36078431 0.30980392
v -0.12843435 0.51371568 -0.17893035 0.24313725 0.20392157 0.14509804
v -0.07908713 1.09140754 -0.18222693 0.90196078 0.89803922 0.90588235
v -0.12641024 0.75301934 -0.14961421 0.45882353 0.47058824 0.45882353
v -0.08332741 0.30637350 -0.16378292 0.40000000 0.36470588 0.31372549
v -0.02348943 0.46422478 -0.17028943 0.36470588 0.30588235 0.22352941
v -0.04159304 0.48693934 -0.17714452 0.26666667 0.20784314 0.14901961
v -0.02660962 0.44711933 -0.18076541 0.40000000 0.33333333 0.25098039
v 0.00571610 0.90136268 -0.16627123 0.54509804 0.52941176 0.45882353
v -0.02055662 0.00381386 -0.20510481 0.18823529 0.17254902 0.15294118
v -0.05573501 0.93205577 -0.19475496 0.74509804 0.70588235 0.59607843
v -0.02161647 0.07199123 -0.18157529 0.40000000 0.38823529 0.35686275
v -0.00196741 0.88624684 -0.19719728 0.57254902 0.55686275 0.49019608
v 0.01254626 0.06857681 -0.18884211 0.42352941 0.40000000 0.36078431
v 0.00650872 0.39915200 -0.18638481 0.45490196 0.38039216 0.29803922
v 0.02051533 0.82741703 -0.17900472 0.49019608 0.48627451 0.46274510
v 0.02010939 1.00957025 -0.18331884 0.84313725 0.82745098 0.79607843
v 0.00824847 0.00000000 -0.12473848 0.20000000 0.16862745 0.13725490
v 0.03446388 0.25414532 -0.18085218 0.52941176 0.49411765 0.44313725
v 0.03024693 0.35902906 -0.18304597 0.41960784 0.37254902 0.30196078
v 0.02996740 0.21335014 -0.19207101 0.52156863 0.51372549 0.50196078
v 0.10634527 0.55397925 -0.19221548 0.47843137 0.48627451 0.49411765
v 0.13929401 0.56365442 -0.16817928 0.51372549 0.51764706 0.51764706
v 0.14054828 0.61344469 -0.16757646 0.51764706 0.51764706 0.51764706
v -0.20599772 0.35090593 -0.18548048 0.27450980 0.24313725 0.19607843
v -0.19826035 0.98916864 -0.18759757 0.85490196 0.83921569 0.81176471
v -0.18467683 0.27223351 -0.18658189 0.38431373 0.36078431 0.31764706
v -0.17786670 0.00278966 -0.18533721 0.15686275 0.14509804 0.14117647
v -0.18641910 0.30685284 -0.18041166 0.36470588 0.33725490 0.29019608
v -0.16596505 1.01469899 -0.19071312 0.85882353 0.84705882 0.81568627
v -0.18513286 0.38437158 -0.18881255 0.38431373 0.32549020 0.27058824
v -0.12700454 0.29482569 -0.18308818 0.34117647 0.31764706 0.26274510
v -0.15474406 0.79739011 -0.19454861 0.47843137 0.48235294 0.48627451
v -0.16407976 0.93414119 -0.18312812 0.65490196 0.65490196 0.57647059
v -0.14485086 1.04284175 -0.19517660 0.85098039 0.85882353 0.86274510
v -0.14779932 1.06909607 -0.18362827 0.87058824 0.87058824 0.86666667
v -0.13698430 0.86246703 -0.19272210 0.52941176 0.53725490 0.50588235
v -0.13094628 0.06666749 -0.18604632 0.36862745 0.36078431 0.32941176
v -0.15328169 0.42853871 -0.18455641 0.23921569 0.18431373 0.14117647
v -0.11821035 0.75566448 -0.18224038 0.50980392 0.47450980 0.44313725
v -0.12272453 0.15095334 -0.19757393 0.50196078 0.49019608 0.47450980
v -0.10427507 0.17990761 -0.18573605 0.50588235 0.49411765 0.47058824
v -0.10808160 0.23556693 -0.18764966 0.49803922 0.51764706 0.51764706
v -0.11638949 0.24505268 -0.19355867 0.50196078 0.51764706 0.51764706
v -0.09045412 0.49172284 -0.18907346 0.36470588 0.27058824 0.19607843
v -0.05823396 0.45970120 -0.17906453 0.35686275 0.27843137 0.21176471
v -0.04836005 0.18566403 -0.19478539 0.50588235 0.49803922 0.47843137
v -0.04485044 0.23841468 -0.19221464 0.49803922 0.51372549 0.50980392
v -0.07917564 0.44139987 -0.20324241 0.40392157 0.30588235 0.21960784
v -0.02382971 0.25694824 -0.18870707 0.33333333 0.38431373 0.32549020
v -0.05053683 1.08784939 -0.18517013 0.90196078 0.89411765 0.89803922
v -0.04609519 0.29657313 -0.17896445 0.38039216 0.35686275 0.30980392
v -0.02920735 0.41495142 -0.18660371 0.27450980 0.21176471 0.15686275
v -0.03355531 0.90334455 -0.18738005 0.65882353 0.63529412 0.54509804
v -0.00467865 0.29486247 -0.18697420 0.30980392 0.28235294 0.23529412
v -0.02194997 0.88031302 -0.19951296 0.60392157 0.56862745 0.49019608
v -0.00768638 0.41751867 -0.18536970 0.37647059 0.29411765 0.21568627
v 0.01020440 1.04735522 -0.17700703 0.83529412 0.83137255 0.82745098
v -0.00822733 1.06004011 -0.18565776 0.89411765 0.88627451 0.87450980
v 0.01245737 0.94198817 -0.17991036 0.71764706 0.70196078 0.60392157
v 0.02811697 0.86472236 -0.16985622 0.51764706 0.50196078 0.46274510
v -0.01532932 0.30804578 -0.19689140 0.48235294 0.43921569 0.37647059
v 0.00834863 0.81471023 -0.18848071 0.48235294 0.48235294 0.46274510
v 0.04378814 0.23158705 -0.18344457 0.55294118 0.49803922 0.47058824
v 0.01087788 1.00890077 -0.19036639 0.86274510 0.84705882 0.80392157
v 0.02053013 0.32520445 -0.18821548 0.32156863 0.26274510 0.20784314
v 0.03360143 0.33148057 -0.18327775 0.46666667 0.42352941 0.34509804
v 0.03281001 0.98651629 -0.18633198 0.83137255 0.81960784 0.78823529
v 0.13384297 0.57758552 -0.19449489 0.52549020 0.52941176 0.53725490
v 0.14680573 0.62579573 -0.18580318 0.52549020 0.52941176 0.53333333
v 0.17013183 0.61372742 -0.19393354 0.52941176 0.52549020 0.52549020
v -0.25791839 0.51561270 -0.20360608 0.38039216 0.32941176 0.30588235
v -0.20125022 0.23523710 -0.18799673 0.53333333 0.50588235 0.48235294
v -0.16545502 0.99468850 -0.20637919 0.86666667 0.85490196 0.81568627
v -0.17495258 0.16741183 -0.19904626 0.50588235 0.49411765 0.47450980
v -0.17721931 0.07059283 -0.18994705 0.37254902 0.35686275 0.32549020
v -0.16731207 0.82512869 -0.19777398 0.47450980 0.47843137 0.46666667
v -0.15023318 0.38928202 -0.20598058 0.17647059 0.12941176 0.09411765
v -0.16626682 0.14845308 -0.19389100 0.50588235 0.49411765 0.47450980
v -0.14437459 0.89234240 -0.20566246 0.63921569 0.59215686 0.50196078
v -0.17195191 0.00340814 -0.12114196 0.18823529 0.17647059 0.16470588
v -0.15097068 0.79479219 -0.19847458 0.48235294 0.48627451 0.49411765
v -0.19603776 0.94468236 -0.18820613 0.83529412 0.81960784 0.76078431
v -0.12088888 0.16327003 -0.20108840 0.50196078 0.49411765 0.47450980
v -0.11472964 0.88376623 -0.19249918 0.58039216 0.56078431 0.49019608
v -0.11993647 0.90559113 -0.19209633 0.65098039 0.63137255 0.54509804
v -0.13352273 1.05269548 -0.19589572 0.86666667 0.87058824 0.87058824
v -0.09524187 0.76344694 -0.20332073 0.57254902 0.51372549 0.45882353
v -0.08462711 0.46521692 -0.19022350 0.34901961 0.27843137 0.20392157
v -0.08872778 0.93820865 -0.19332680 0.73725490 0.69803922 0.59215686
v -0.07629913 0.48740699 -0.19045418 0.36862745 0.27058824 0.19607843
v -0.07113882 0.45716438 -0.19055056 0.40784314 0.30980392 0.23137255
v -0.09226723 1.06848149 -0.20435610 0.90588235 0.89411765 0.88235294
v -0.04164809 1.06746734 -0.19695691 0.91764706 0.90588235 0.89411765
v -0.07302583 0.42937223 -0.20586001 0.27058824 0.20392157 0.14901961
v -0.02456822 0.77106305 -0.17939286 0.49019608 0.48235294 0.46666667
v -0.04578077 0.88636774 -0.19584640 0.63921569 0.62745098 0.54509804
v -0.05163150 0.87871684 -0.20270584 0.65882353 0.62745098 0.54509804
v -0.04365936 0.89982129 -0.19327555 0.66274510 0.64313725 0.54901961
v -0.05687410 0.14960551 -0.17996628 0.50588235 0.49411765 0.47058824
v -0.03534255 0.87576335 -0.18823404 0.58823529 0.57647059 0.50588235
v -0.02678059 1.04762559 -0.19212469 0.89019608 0.88627451 0.87843137
v -0.01532384 0.06277534 -0.19491028 0.34901961 0.34509804 0.32156863
v -0.05298961 0.91041327 -0.19906897 0.70196078 0.65490196 0.55686275
v -0.01034581 0.18003169 -0.20445825 0.50980392 0.49803922 0.47843137
v -0.02209659 0.14574502 -0.18783205 0.49803922 0.49019608 0.47450980
v -0.01559731 0.86257594 -0.18887986 0.52941176 0.52941176 0.49803922
v -0.00226051 1.02944962 -0.19180870 0.86274510 0.85882353 0.84705882
v 0.02388907 0.15570200 -0.18716112 0.51372549 0.49803922 0.47843137
v 0.00596995 0.25216483 -0.19705628 0.55686275 0.53725490 0.50588235
v 0.01440436 0.27192859 -0.19200240 0.32941176 0.27843137 0.23137255
v 0.01620398 0.17403726 -0.19671175 0.50980392 0.50588235 0.48627451
v 0.02263062 0.23403395 -0.19779172 0.50980392 0.52156863 0.50196078
v 0.03570914 0.97284840 -0.19242996 0.82745098 0.81960784 0.78431373
v 0.03429688 0.95911565 -0.19051277 0.81568627 0.80000000 0.73333333
v 0.08664158 0.59575898 -0.19176619 0.50980392 0.50588235 0.50196078
v 0.11445468 0.61573803 -0.19119107 0.50588235 0.50588235 0.51372549
v 0.16047883 0.60417207 -0.18252463 0.52549020 0.52156863 0.52156863
v -0.26039263 0.40957767 -0.20494157 0.43529412 0.39215686 0.33725490
v -0.26692440 0.45741232 -0.20377579 0.41176471 0.37647059 0.32549020
v -0.24542109 0.38555834 -0.21252718 0.17254902 0.15686275 0.12941176
v -0.23314044 0.45906864 -0.19078361 0.34509804 0.28627451 0.23529412
v -0.17565514 0.19368401 -0.20039215 0.52156863 0.51372549 0.49019608
v -0.18679519 0.43779088 -0.20544929 0.18823529 0.13725490 0.10196078
v -0.17042492 0.95050741 -0.21701578 0.82352941 0.80784314 0.72941176
v -0.17524016 0.06647798 -0.19797439 0.33725490 0.32549020 0.29803922
v -0.13886562 0.06497884 -0.19701154 0.33333333 0.32941176 0.30588235
v -0.13984614 0.23406649 -0.20556700 0.54117647 0.52941176 0.49803922
v -0.15224655 0.26861553 -0.19170453 0.34509804 0.30196078 0.25490196
v -0.17334161 0.35911009 -0.19782790 0.37254902 0.32941176 0.27058824
v -0.16799697 0.32238266 -0.20118679 0.40000000 0.35686275 0.30588235
v -0.13057135 0.24211165 -0.20281749 0.52549020 0.50588235 0.47450980
v -0.14395696 0.84669010 -0.20576609 0.58431373 0.55686275 0.49019608
v -0.08927474 0.77006018 -0.21573210 0.60000000 0.52156863 0.45490196
v -0.13361118 0.42644096 -0.20487192 0.24705882 0.18431373 0.13333333
v -0.11238742 0.94497185 -0.19828436 0.75294118 0.72156863 0.61960784
v -0.10268373 0.48577195 -0.19896732 0.38431373 0.30196078 0.23137255
v -0.08609167 0.88156425 -0.20614445 0.66274510 0.60000000 0.50588235
v -0.07142662 0.75355425 -0.19502197 0.54117647 0.51372549 0.48235294
v -0.07805172 0.94095982 -0.20415936 0.76078431 0.71372549 0.60784314
v -0.06494423 1.05016915 -0.20184254 0.89411765 0.89019608 0.88235294
v -0.02791589 0.39144933 -0.20388138 0.20784314 0.16078431 0.11764706
v -0.04942347 1.06504039 -0.20035302 0.91764706 0.90588235 0.89411765
v -0.05888014 0.86900853 -0.20991391 0.66666667 0.62352941 0.53725490
v -0.02381682 0.16995895 -0.20155314 0.50588235 0.49803922 0.47450980
v -0.05615565 1.03286428 -0.20916104 0.89019608 0.88235294 0.88235294
v 0.00638913 0.23104943 -0.20363894 0.50980392 0.53333333 0.52549020
v -0.00483625 0.82937627 -0.20380089 0.50196078 0.49019608 0.46274510
v 0.00965596 0.32124702 -0.19440028 0.32156863 0.25882353 0.20392157
v -0.01517405 0.36047892 -0.20715681 0.24313725 0.20392157 0.16078431
v -0.00535424 0.36167057 -0.20218405 0.33333333 0.29019608 0.23529412
v -0.00687105 0.37677510 -0.20296955 0.32941176 0.28235294 0.22352941
v 0.00358870 0.99786048 -0.20407326 0.87058824 0.85882353 0.81960784
v 0.02724412 0.18292711 -0.19248397 0.51372549 0.50588235 0.48235294
v 0.03110155 0.22709871 -0.19229822 0.52941176 0.51372549 0.50196078
v 0.02418012 0.05776176 -0.18079259 0.38431373 0.36078431 0.32156863
v 0.03700381 0.00414254 -0.21982577 0.22352941 0.18039216 0.14509804
v 0.04393350 0.02601867 -0.18922218 0.34901961 0.33333333 0.29803922
v 0.15126674 0.58621061 -0.18834051 0.52941176 0.52941176 0.52941176
v -0.30345014 0.39767384 -0.21290262 0.12549020 0.11372549 0.08235294
v -0.29104123 0.31142898 -0.20368161 0.59607843 0.45490196 0.39215686
v -0.26574996 0.34956808 -0.20392170 0.40000000 0.37254902 0.31764706
v -0.27627429 0.48095098 -0.20239312 0.36078431 0.34901961 0.34509804
v -0.26833571 0.39063431 -0.21111003 0.58823529 0.52549020 0.44313725
v -0.25063575 0.43554821 -0.20737376 0.29803922 0.30588235 0.27843137
v -0.24018778 0.34851557 -0.19117050 0.24313725 0.22352941 0.18823529
v -0.21650935 0.41544489 -0.20456489 0.27843137 0.24313725 0.19607843
v -0.21007492 0.01916451 -0.24405617 0.20000000 0.18823529 0.18039216
v -0.14919273 0.48768974 -0.20655231 0.13725490 0.09803922 0.07450980
v -0.19266161 0.45207640 -0.20397195 0.27450980 0.22745098 0.18039216
v -0.13984096 0.17258429 -0.20856760 0.50196078 0.49019608 0.46666667
v -0.15539346 0.38275934 -0.20645543 0.16862745 0.12156863 0.09019608
v -0.12400748 0.47131650 -0.19909079 0.34117647 0.28235294 0.22352941
v -0.12777726 1.03004593 -0.20990159 0.87450980 0.87450980 0.86666667
v -0.13151611 0.45101686 -0.20441579 0.28235294 0.21960784 0.16862745
v -0.12645847 0.50721657 -0.23601273 0.00392157 0.00392157 0.00392157
v -0.11929644 0.49895049 -0.20443038 0.37647059 0.30588235 0.24705882
v -0.07805616 0.49715780 -0.20910198 0.13725490 0.09803922 0.07058824
v -0.10029772 0.41213723 -0.20616994 0.28627451 0.25098039 0.18823529
v -0.07148767 0.31168907 -0.21201617 0.20392157 0.17254902 0.13725490
v -0.04835140 0.94557348 -0.20324696 0.78823529 0.75294118 0.65098039
v -0.02738696 0.38134029 -0.21025110 0.19607843 0.15686275 0.11764706
v -0.01280195 1.00488258 -0.21208981 0.89803922 0.88235294 0.83921569
v 0.01675163 0.05866264 -0.20794896 0.40392157 0.38431373 0.35294118
v 0.07193588 0.57711503 -0.20120453 0.42745098 0.39215686 0.36078431
v 0.03669563 0.56766407 -0.21505098 0.44313725 0.38431373 0.32941176
v 0.09340954 0.55662143 -0.20260221 0.43921569 0.41960784 0.40784314
v 0.13807232 0.63369546 -0.21842213 0.51764706 0.52549020 0.53333333
v 0.15422757 0.60861129 -0.20290034 0.52549020 0.52549020 0.52941176
v 0.16913578 0.64595878 -0.22142188 0.52549020 0.52549020 0.52549020
v 0.19888690 0.64679017 -0.20013450 0.52156863 0.50980392 0.50196078
v 0.24142964 0.66094549 -0.21857762 0.51372549 0.50588235 0.49411765
v -0.32813369 0.36443748 -0.22377942 0.47058824 0.48235294 0.49411765
v -0.32236072 0.32268291 -0.23039593 0.48235294 0.49803922 0.51372549
v -0.31382578 0.34919632 -0.20988428 0.52941176 0.45490196 0.42352941
v -0.28347282 0.36629064 -0.20697341 0.03921569 0.03529412 0.03137255
v -0.27327659 0.35104653 -0.21717841 0.70980392 0.50980392 0.30196078
v -0.24246119 0.32321297 -0.21196882 0.21960784 0.20392157 0.16862745
v -0.23630104 0.50812599 -0.21484505 0.65098039 0.58431373 0.49803922
v -0.19960717 0.47264706 -0.20528357 0.38431373 0.32941176 0.27843137
v -0.18185201 0.04620374 -0.22142999 0.25098039 0.23137255 0.21176471
v -0.15260157 0.98388638 -0.21842715 0.87058824 0.85882353 0.82352941
v -0.12830781 0.31918115 -0.21874845 0.18431373 0.16078431 0.13333333
v -0.14242923 0.35414555 -0.21467824 0.18431373 0.14117647 0.10980392
v -0.10925542 0.32265423 -0.22127159 0.16470588 0.13725490 0.11372549
v -0.12293457 1.00389070 -0.22218192 0.88235294 0.87058824 0.82352941
v -0.09962187 0.35811275 -0.21779058 0.19215686 0.14509804 0.10980392
v -0.11210714 0.78696856 -0.21761738 0.58823529 0.53725490 0.48627451
v -0.12556000 0.03444654 -0.22129672 0.27450980 0.26666667 0.24705882
v -0.12658722 0.47450660 -0.23609667 0.20392157 0.16862745 0.14117647
v -0.11839900 0.02078083 -0.23000785 0.23529412 0.22745098 0.21176471
v -0.07892645 0.78731690 -0.22089263 0.57647059 0.53725490 0.49803922
v -0.09786321 0.83809505 -0.23096144 0.63137255 0.58039216 0.51372549
v -0.12097869 0.87089183 -0.19662770 0.60784314 0.57647059 0.49803922
v -0.09836428 1.03789651 -0.21090771 0.87450980 0.87450980 0.87450980
v -0.10232329 0.48602249 -0.22067872 0.11764706 0.08627451 0.06274510
v -0.09199431 0.84882692 -0.22194520 0.66274510 0.61176471 0.54117647
v -0.10313474 0.38296042 -0.21852560 0.27058824 0.21568627 0.17647059
v -0.07763927 1.02118234 -0.22219049 0.89019608 0.87843137 0.85882353
v -0.08455606 0.51671889 -0.21798216 0.08235294 0.05882353 0.04313725
v -0.07095271 0.85537408 -0.21741230 0.66666667 0.62352941 0.54117647
v -0.03831815 0.32278921 -0.21600912 0.21176471 0.17254902 0.14117647
v -0.06360470 0.36208748 -0.21628236 0.20392157 0.15294118 0.11764706
v -0.05893831 1.02396291 -0.21522803 0.89411765 0.88627451 0.86666667
v -0.04633786 0.38158622 -0.21531662 0.24313725 0.18431373 0.14509804
v -0.05802905 0.34950957 -0.21588793 0.19607843 0.14901961 0.11372549
v -0.04371400 1.01325487 -0.21753735 0.90196078 0.89019608 0.85882353
v -0.03377988 0.37640147 -0.21244956 0.21960784 0.16862745 0.12941176
v -0.01815418 0.32274146 -0.21294138 0.22352941 0.19215686 0.14901961
v -0.02072335 0.82792061 -0.21555534 0.55294118 0.52941176 0.49411765
v -0.01565865 0.80968140 -0.20966655 0.52941176 0.51764706 0.49411765
v -0.03006909 0.99246596 -0.22042118 0.90196078 0.88627451 0.84705882
v -0.00791124 0.95610471 -0.21875397 0.83921569 0.80392157 0.70980392
v 0.00191790 0.97359189 -0.21828753 0.86666667 0.85098039 0.81960784
v 0.05250200 0.01987750 -0.21273391 0.32941176 0.28627451 0.23921569
v 0.06810019 0.59858562 -0.21107807 0.42745098 0.41568627 0.41176471
v 0.09278119 0.61245891 -0.21850414 0.46666667 0.45882353 0.45882353
v 0.19032524 0.62443076 -0.21177153 0.51764706 0.50980392 0.50196078
v 0.25802343 0.67462834 -0.21198576 0.51372549 0.50588235 0.49411765
v -0.29328321 0.34517793 -0.21885973 0.65882353 0.41568627 0.27058824
v -0.29983822 0.29817358 -0.23466812 0.52549020 0.49803922 0.44705882
v -0.26493210 0.43252147 -0.22976613 0.58431373 0.56470588 0.48235294
v -0.27203014 0.47990501 -0.21874637 0.43921569 0.39215686 0.36862745
v -0.22634347 0.49830518 -0.22800306 0.47058824 0.43137255 0.40000000
v -0.22067272 0.39832094 -0.22679392 0.28235294 0.24705882 0.21176471
v -0.19648403 0.96296981 -0.19887847 0.85098039 0.83529412 0.79607843
v -0.16325848 0.97189788 -0.22331883 0.87058824 0.85490196 0.81568627
v -0.11892232 0.82562987 -0.23323732 0.57254902 0.54117647 0.50588235
v -0.09926868 0.52011433 -0.23817714 0.04705882 0.03137255 0.02352941
v -0.11328049 0.31048797 -0.19920582 0.46666667 0.41960784 0.34901961
v -0.12172604 0.95554582 -0.22610053 0.83921569 0.81568627 0.73725490
v -0.08062522 0.32844856 -0.22335856 0.16862745 0.14117647 0.11764706
v -0.06344333 0.33893878 -0.21967929 0.18039216 0.14117647 0.11372549
v -0.06978669 0.53889054 -0.23427124 0.01568627 0.00784314 0.00784314
v -0.04551509 0.96761461 -0.22661542 0.88235294 0.85882353 0.80392157
v -0.03877594 0.79240575 -0.21221094 0.55686275 0.54117647 0.52156863
v -0.02891014 0.83266302 -0.22051967 0.60000000 0.57254902 0.52549020
v -0.04443056 0.95109127 -0.22226098 0.82352941 0.80000000 0.72156863
v -0.06465525 0.51432402 -0.22597211 0.09411765 0.06666667 0.05098039
v -0.03696600 0.02451392 -0.22677912 0.27843137 0.27450980 0.26666667
v 0.00051636 0.56215875 -0.22327982 0.26274510 0.20784314 0.15686275
v -0.02431414 0.97470891 -0.22940289 0.89803922 0.87843137 0.83137255
v -0.01629679 0.04400045 -0.21785759 0.28627451 0.28235294 0.26666667
v 0.01841456 0.05182470 -0.21662263 0.34901961 0.33333333 0.30196078
v 0.00378889 0.54589831 -0.22676741 0.28627451 0.20000000 0.14901961
v 0.06033872 0.59501811 -0.23363665 0.41568627 0.40784314 0.40784314
v 0.07275294 0.56524672 -0.22667096 0.29803922 0.27058824 0.26666667
v 0.11129179 0.58644388 -0.23604747 0.50980392 0.50588235 0.50980392
v 0.11455896 0.61606932 -0.22775924 0.50588235 0.50196078 0.50588235
v 0.16880938 0.62798725 -0.22979305 0.51764706 0.51764706 0.51372549
v 0.23619932 0.67606416 -0.22508975 0.51372549 0.50588235 0.50196078
v 0.27578337 0.68050439 -0.22199988 0.52156863 0.51372549 0.50980392
v 0.31961629 0.67061291 -0.22147126 0.50588235 0.49411765 0.48627451
v -0.28912953 0.41543140 -0.20623132 0.03921569 0.07058824 0.04705882
v -0.28640990 0.34570347 -0.23469618 0.61568627 0.44705882 0.30980392
v -0.23295602 0.35132485 -0.22837438 0.10196078 0.07843137 0.06666667
v -0.19297849 0.47779113 -0.22300056 0.10980392 0.07843137 0.06274510
v -0.15411580 0.49373853 -0.22664798 0.08627451 0.06274510 0.04705882
v -0.15296299 0.44987130 -0.22015919 0.18823529 0.12941176 0.09803922
v -0.14390276 0.00270972 -0.12996392 0.17254902 0.16470588 0.15294118
v -0.12018861 0.97655133 -0.23534158 0.87058824 0.85490196 0.80784314
v -0.08764880 0.96497836 -0.23317107 0.83921569 0.80784314 0.72549020
v -0.07020292 0.51374652 -0.23431678 0.01960784 0.01568627 0.01176471
v -0.06646630 0.53262580 -0.21807553 0.13333333 0.07843137 0.06274510
v -0.07783604 0.80765992 -0.23228197 0.56078431 0.53725490 0.51764706
v -0.06255179 1.00422240 -0.22534411 0.89411765 0.87450980 0.82352941
v -0.08166699 0.95218351 -0.23260158 0.81176471 0.76078431 0.64705882
v -0.02768199 0.53202077 -0.22756883 0.32549020 0.18039216 0.13333333
v -0.03711539 0.97470079 -0.23289583 0.89803922 0.87450980 0.82352941
v -0.01252940 0.56101082 -0.24606397 0.41568627 0.26666667 0.18039216
v 0.01215215 0.56439733 -0.23353542 0.08627451 0.05098039 0.03529412
v 0.02702347 0.57385025 -0.23320081 0.36078431 0.30196078 0.25098039
v 0.05363492 0.02622671 -0.22864095 0.42352941 0.38039216 0.32941176
v 0.13714767 0.60897171 -0.22842559 0.51372549 0.51764706 0.52156863
v 0.21578146 0.66394752 -0.23662878 0.52549020 0.51764706 0.50588235
v 0.25513531 0.66940503 -0.24262444 0.52941176 0.51764706 0.50980392
v 0.31602817 0.65330405 -0.23967040 0.52156863 0.50980392 0.50196078
v -0.32491644 0.37719185 -0.23964793 0.47843137 0.49411765 0.51372549
v -0.30139538 0.40733152 -0.24336601 0.31764706 0.26666667 0.23529412
v -0.27078963 0.36627361 -0.24613009 0.07450980 0.06666667 0.05490196
v -0.26288571 0.29697457 -0.23758177 0.65098039 0.48235294 0.37254902
v -0.26490985 0.47419831 -0.23132340 0.49803922 0.47843137 0.46666667
v -0.23691318 0.34529181 -0.24022638 0.50588235 0.47843137 0.43137255
v -0.23378152 0.39494424 -0.22612619 0.14901961 0.13333333 0.11372549
v -0.22920983 0.49805847 -0.23252349 0.61960784 0.55294118 0.49411765
v -0.18174616 0.42514253 -0.22904462 0.36862745 0.31372549 0.25882353
v -0.11615598 0.49814686 -0.23620244 0.13333333 0.10588235 0.08627451
v -0.10311143 0.99082706 -0.22876089 0.87058824 0.85490196 0.80392157
v -0.06572120 0.83244055 -0.23877757 0.58823529 0.55686275 0.51372549
v -0.06584117 0.97437611 -0.23980845 0.86666667 0.84705882 0.79215686
v -0.05782271 0.53365311 -0.24149364 0.03529412 0.01960784 0.01568627
v -0.07914778 0.81852745 -0.24365505 0.56078431 0.53333333 0.51372549
v -0.05254568 0.82208912 -0.23429296 0.58039216 0.55294118 0.52156863
v -0.02492300 0.04266436 -0.25047046 0.29019608 0.29803922 0.29019608
v 0.00444882 0.05312172 -0.24100057 0.36862745 0.36470588 0.34117647
v 0.05564243 0.57204395 -0.24235482 0.30196078 0.28235294 0.28235294
v 0.09625203 0.59093548 -0.24074822 0.50196078 0.49803922 0.49803922
v 0.22066762 0.65177281 -0.23475946 0.53333333 0.52156863 0.50980392
v 0.26294125 0.68772979 -0.23343553 0.52156863 0.51372549 0.50980392
v -0.31786523 0.39089731 -0.24852738 0.50588235 0.52156863 0.52941176
v -0.28145300 0.32814563 -0.25732358 0.60000000 0.48235294 0.37647059
v -0.29636579 0.39167801 -0.25084876 0.32549020 0.32156863 0.28627451
v -0.27343401 0.33896869 -0.25477637 0.53725490 0.51372549 0.44313725
v -0.26768830 0.40323648 -0.24787553 0.11372549 0.12549020 0.09803922
v -0.26340735 0.42445815 -0.24198943 0.01568627 0.01960784 0.01568627
v -0.25875894 0.36320349 -0.25853411 0.55686275 0.50196078 0.44313725
v -0.24922297 0.32127505 -0.24343611 0.50980392 0.49411765 0.46666667
v -0.23818960 0.40635339 -0.23837278 0.41960784 0.38823529 0.33725490
v -0.21736030 0.48557047 -0.24557135 0.32549020 0.25490196 0.21568627
v -0.19823150 0.00380307 -0.24973930 0.15686275 0.14901961 0.14901961
v -0.16121836 0.47708521 -0.24765504 0.00784314 0.00784314 0.00784314
v -0.14849928 0.46879735 -0.24464002 0.08235294 0.06666667 0.05882353
v -0.12927826 0.04188870 -0.22236854 0.27450980 0.26274510 0.24705882
v -0.12609752 0.00462613 -0.25168129 0.19607843 0.19215686 0.18431373
v -0.03490798 0.02066179 -0.25728916 0.27450980 0.27843137 0.27450980
v 0.06103792 0.02022794 -0.25449354 0.33725490 0.30980392 0.27058824
v 0.26967177 0.67505243 -0.24736590 0.53725490 0.53333333 0.52549020
v 0.29289959 0.69465792 -0.25135009 0.54901961 0.54117647 0.52941176
v 0.32813369 0.68985354 -0.24038700 0.52549020 0.51764706 0.50980392
v -0.32269162 0.34338933 -0.25037025 0.48627451 0.48627451 0.49803922
v -0.28725877 0.41702740 -0.24648491 0.25882353 0.26666667 0.21568627
v -0.27872221 0.31117504 -0.25720803 0.60784314 0.47450980 0.37254902
v -0.29220325 0.36275887 -0.24623375 0.57647059 0.47450980 0.38823529
v -0.25325350 0.37695522 -0.25497749 0.50196078 0.43137255 0.35686275
v -0.24121440 0.36946864 -0.24765282 0.24313725 0.20784314 0.17254902
v -0.25561141 0.43425061 -0.24867085 0.18431373 0.21568627 0.20000000
v -0.18920660 0.47314557 -0.24909537 0.05882353 0.05882353 0.05490196
v -0.18778193 0.44376139 -0.25313117 0.19215686 0.14901961 0.11372549
v -0.18918375 0.46521387 -0.25433148 0.01176471 0.01568627 0.01568627
v -0.18653173 0.05291101 -0.25084359 0.26274510 0.26274510 0.25098039
v -0.13034631 0.01526941 -0.26552843 0.21176471 0.21176471 0.20000000
v -0.14059255 0.49671489 -0.24927114 0.00000000 0.00000000 0.00000000
v -0.00606625 0.00546216 -0.26056816 0.22352941 0.20392157 0.17647059
v -0.30262054 0.33915570 -0.25935570 0.48627451 0.47843137 0.48235294
v -0.26441168 0.33746067 -0.25882367 0.58431373 0.54117647 0.44705882
v -0.21854830 0.43837538 -0.26186410 0.25490196 0.18039216 0.14509804
v -0.25764286 0.44496121 -0.24872866 0.23921569 0.26274510 0.23921569
v -0.21597018 0.46567633 -0.26122760 0.01568627 0.01568627 0.01176471
v -0.13125023 0.04944712 -0.24391253 0.27843137 0.27450980 0.26274510
v -0.12858341 0.03607502 -0.26629021 0.26666667 0.27058824 0.25882353
v 0.02530758 0.04482921 -0.26409420 0.41960784 0.40784314 0.37647059
v 0.03978979 0.03820723 -0.26217774 0.41960784 0.40392157 0.37254902
v 0.29208913 0.68389770 -0.26378586 0.54901961 0.54509804 0.53725490
v 0.31314244 0.67226055 -0.27272675 0.53333333 0.52549020 0.51372549
v 0.32428765 0.68689475 -0.25873931 0.53725490 0.53333333 0.52549020
v -0.18323887 0.01336808 -0.27169171 0.21176471 0.20392157 0.20000000
v -0.19346845 0.03738668 -0.26679258 0.23921569 0.23529412 0.22745098
v -0.16516799 0.03839629 -0.27158790 0.25882353 0.25490196 0.24705882
v -0.13679918 0.02797068 -0.27304721 0.26274510 0.26274510 0.24705882
v 0.01633753 0.02300615 -0.27774710 0.40000000 0.37254902 0.33725490
v -0.00463507 0.03994301 -0.26918752 0.31372549 0.30588235 0.28627451
f 1 8 7
f 2 4 3
f 2 1 4
f 7 3 4
f 4 1 7
f 7 6 3
f 7 13 6
f 5 8 1
f 16 7 19
f 7 8 19
f 2 31 9
f 33 2 9
f 2 24 31
f 26 2 33
f 24 2 3
f 24 11 13
f 26 1 2
f 5 1 26
f 14 3 6
f 13 14 6
f 13 15 12
f 7 15 13
f 15 16 12
f 28 12 18
f 12 16 17
f 12 17 18
f 15 7 16
f 20 8 5
f 18 17 16
f 19 8 20
f 31 24 22
f 21 31 22
f 22 13 23
f 24 13 22
f 23 13 12
f 3 11 24
f 26 10 27
f 32 10 26
f 25 13 11
f 3 25 11
f 23 12 34
f 14 13 25
f 3 14 25
f 27 5 26
f 10 48 27
f 28 34 12
f 27 48 29
f 28 18 30
f 27 29 5
f 29 20 5
f 18 19 30
f 29 48 36
f 18 16 19
f 29 83 20
f 83 29 36
f 19 20 38
f 20 62 74
f 21 43 40
f 22 43 21
f 76 32 9
f 22 23 43
f 32 33 9
f 32 26 33
f 69 10 32
f 23 34 45
f 69 48 10
f 34 30 47
f 28 30 34
f 47 30 59
f 19 35 30
f 35 37 30
f 19 37 35
f 38 39 19
f 19 39 37
f 39 38 20
f 62 20 83
f 20 74 39
f 31 41 9
f 31 21 40
f 43 42 63
f 40 43 63
f 77 32 76
f 32 77 66
f 43 44 45
f 43 23 44
f 45 44 23
f 46 45 34
f 69 58 48
f 56 47 50
f 50 47 59
f 59 30 51
f 30 37 51
f 37 106 51
f 52 37 53
f 39 53 37
f 41 31 40
f 76 9 41
f 64 66 77
f 67 69 32
f 46 43 45
f 46 47 56
f 34 47 46
f 49 68 54
f 79 50 81
f 68 49 57
f 50 59 60
f 82 49 80
f 58 57 36
f 57 49 82
f 60 59 70
f 57 61 36
f 106 59 51
f 52 106 37
f 36 61 144
f 144 83 36
f 106 52 53
f 53 39 73
f 39 74 107
f 40 75 41
f 63 75 40
f 42 46 78
f 43 46 42
f 64 65 54
f 66 64 54
f 78 46 55
f 54 68 66
f 32 66 68
f 67 32 68
f 55 46 56
f 67 68 69
f 49 54 150
f 56 50 79
f 88 79 90
f 69 68 58
f 90 79 81
f 150 80 49
f 68 57 58
f 81 50 70
f 50 60 70
f 94 82 80
f 48 58 36
f 70 71 81
f 59 71 70
f 82 61 57
f 59 106 105
f 72 144 61
f 134 106 53
f 84 63 42
f 79 55 56
f 122 150 54
f 80 125 94
f 59 105 71
f 134 53 73
f 39 134 73
f 74 62 136
f 75 63 84
f 42 78 85
f 109 42 85
f 78 120 108
f 65 64 139
f 110 78 79
f 65 139 122
f 79 88 110
f 55 79 78
f 122 54 65
f 86 88 87
f 86 87 89
f 88 90 81
f 88 81 100
f 87 81 91
f 89 87 92
f 87 91 93
f 87 93 92
f 91 92 93
f 95 92 91
f 91 81 96
f 71 96 81
f 71 105 96
f 163 83 144
f 136 62 83
f 84 97 75
f 75 97 41
f 168 77 76
f 85 78 108
f 64 77 178
f 110 120 78
f 88 86 98
f 89 121 86
f 87 88 100
f 99 80 150
f 101 89 92
f 100 81 87
f 92 159 101
f 159 92 102
f 93 91 103
f 93 103 91
f 91 96 95
f 133 102 92
f 95 133 92
f 96 105 104
f 106 152 105
f 134 39 135
f 135 39 107
f 107 74 136
f 136 83 194
f 163 194 83
f 97 76 41
f 108 109 85
f 84 42 109
f 98 110 88
f 123 150 122
f 121 89 141
f 89 101 141
f 124 80 99
f 124 125 80
f 159 102 148
f 94 61 82
f 133 148 102
f 95 112 133
f 149 148 133
f 133 112 114
f 116 114 112
f 116 112 115
f 115 112 95
f 113 117 115
f 95 113 115
f 126 95 96
f 116 115 118
f 115 117 118
f 104 145 96
f 72 151 144
f 151 72 61
f 76 97 119
f 97 84 109
f 108 120 131
f 109 108 130
f 64 178 139
f 86 121 132
f 98 86 132
f 141 111 121
f 95 126 113
f 114 127 133
f 128 127 114
f 114 116 128
f 126 117 113
f 127 126 133
f 127 128 126
f 118 128 116
f 118 129 128
f 129 126 128
f 129 118 117
f 129 117 126
f 126 96 145
f 104 105 152
f 134 152 106
f 97 137 119
f 76 119 168
f 109 138 97
f 130 108 131
f 120 110 131
f 140 122 139
f 132 121 170
f 150 124 99
f 148 149 161
f 61 94 216
f 216 151 61
f 133 126 149
f 183 163 144
f 130 153 109
f 109 153 138
f 97 138 153
f 153 185 97
f 137 97 185
f 139 157 169
f 98 177 110
f 131 110 155
f 121 111 146
f 147 123 122
f 143 216 125
f 216 94 125
f 148 161 200
f 104 173 145
f 107 136 194
f 119 137 168
f 131 155 130
f 206 177 170
f 132 170 177
f 140 139 169
f 121 146 170
f 181 122 140
f 181 147 122
f 123 147 150
f 158 141 101
f 150 171 124
f 143 125 124
f 200 159 148
f 149 126 162
f 193 145 173
f 152 173 104
f 134 135 174
f 130 166 153
f 177 156 110
f 110 156 155
f 167 130 155
f 167 166 130
f 132 177 98
f 77 168 178
f 157 139 178
f 179 157 178
f 200 161 182
f 126 145 269
f 183 144 151
f 134 174 152
f 174 135 107
f 230 194 163
f 153 166 154
f 137 186 168
f 242 206 170
f 273 179 178
f 170 146 208
f 208 146 111
f 180 181 140
f 141 190 111
f 142 190 141
f 197 171 150
f 210 143 124
f 216 143 227
f 152 174 160
f 269 162 126
f 173 152 160
f 269 145 193
f 162 175 149
f 164 140 169
f 164 204 140
f 154 165 153
f 185 153 165
f 137 185 186
f 165 166 167
f 165 154 166
f 167 155 156
f 208 111 190
f 150 147 197
f 147 181 197
f 142 141 158
f 158 101 159
f 210 124 171
f 158 159 172
f 172 159 200
f 174 173 160
f 202 174 107
f 218 163 183
f 164 187 184
f 169 187 164
f 165 176 185
f 176 167 195
f 176 165 167
f 188 195 156
f 156 195 167
f 188 156 177
f 157 187 169
f 208 242 170
f 227 143 210
f 173 174 202
f 107 257 202
f 161 149 175
f 257 107 230
f 230 107 194
f 282 230 163
f 189 140 204
f 179 187 157
f 189 207 140
f 180 191 181
f 191 197 181
f 225 171 197
f 225 210 171
f 192 215 216
f 192 216 227
f 215 237 216
f 269 175 162
f 173 201 193
f 204 164 184
f 176 195 196
f 185 250 186
f 168 186 250
f 179 189 187
f 251 177 206
f 251 188 177
f 273 178 168
f 179 207 189
f 215 192 227
f 202 201 173
f 282 163 218
f 184 187 204
f 189 204 187
f 196 241 176
f 176 250 185
f 261 251 206
f 302 168 250
f 168 302 273
f 195 188 284
f 196 195 205
f 180 140 207
f 208 190 262
f 264 221 199
f 198 232 226
f 232 234 226
f 226 199 213
f 198 211 232
f 221 209 199
f 226 211 198
f 226 212 211
f 225 227 210
f 209 213 199
f 212 214 211
f 182 172 200
f 214 229 211
f 283 182 161
f 201 202 278
f 217 151 216
f 193 299 269
f 175 269 203
f 241 219 176
f 250 176 219
f 205 241 196
f 284 205 195
f 207 191 180
f 191 220 197
f 264 199 233
f 222 235 232
f 222 232 223
f 232 211 223
f 226 234 199
f 222 223 211
f 368 158 172
f 226 213 212
f 222 211 236
f 228 215 227
f 229 236 211
f 238 212 213
f 312 182 283
f 239 217 216
f 239 151 217
f 283 161 175
f 283 175 203
f 231 241 205
f 302 286 273
f 262 242 208
f 232 233 234
f 233 199 234
f 244 197 220
f 197 244 225
f 235 222 246
f 368 142 158
f 236 246 222
f 225 228 227
f 228 237 215
f 238 213 209
f 212 229 214
f 237 239 216
f 239 183 151
f 256 278 202
f 299 193 201
f 257 240 202
f 280 257 230
f 282 280 230
f 205 284 231
f 285 250 249
f 219 249 250
f 242 261 206
f 243 207 179
f 207 243 220
f 207 220 191
f 232 235 252
f 142 262 190
f 221 264 245
f 252 235 246
f 244 224 225
f 253 221 245
f 224 228 225
f 224 266 228
f 221 253 209
f 368 172 312
f 266 237 228
f 266 247 237
f 312 172 182
f 247 239 237
f 268 229 212
f 268 212 307
f 307 238 296
f 202 240 256
f 297 279 257
f 297 257 280
f 281 218 183
f 241 231 248
f 261 258 251
f 271 249 241
f 241 249 219
f 248 260 241
f 301 302 250
f 251 259 188
f 275 233 232
f 243 244 220
f 322 252 246
f 303 142 368
f 254 246 236
f 209 253 238
f 229 254 236
f 266 239 247
f 212 238 307
f 296 238 255
f 257 256 240
f 299 201 314
f 256 257 279
f 313 201 278
f 239 281 183
f 269 270 203
f 281 282 218
f 231 315 248
f 188 259 284
f 285 301 250
f 258 261 325
f 287 325 261
f 287 261 242
f 179 273 243
f 273 263 243
f 290 264 233
f 291 264 290
f 232 252 288
f 275 232 288
f 303 262 142
f 244 276 224
f 245 292 294
f 246 265 322
f 245 294 253
f 255 238 253
f 254 229 305
f 229 268 277
f 314 201 313
f 241 376 271
f 284 259 327
f 231 284 315
f 315 300 248
f 300 260 248
f 260 272 241
f 287 242 262
f 288 274 275
f 263 244 243
f 329 288 252
f 263 319 244
f 292 264 291
f 244 319 276
f 292 245 264
f 368 312 350
f 305 246 254
f 267 239 266
f 277 353 229
f 308 282 311
f 270 283 203
f 271 285 249
f 340 259 251
f 271 316 285
f 286 263 273
f 289 275 274
f 233 275 289
f 289 290 233
f 329 252 322
f 292 333 294
f 224 276 304
f 293 266 224
f 266 334 267
f 266 293 334
f 265 246 305
f 255 253 294
f 334 239 267
f 353 305 229
f 255 358 296
f 295 358 255
f 268 307 336
f 256 279 306
f 280 282 382
f 297 298 279
f 382 282 308
f 311 282 281
f 241 272 376
f 251 258 340
f 327 315 284
f 339 274 288
f 286 319 263
f 288 329 328
f 328 339 288
f 292 291 321
f 303 287 262
f 292 394 343
f 343 333 292
f 304 293 224
f 255 294 295
f 256 306 355
f 336 307 356
f 277 268 336
f 306 279 386
f 354 312 283
f 278 310 313
f 297 280 382
f 279 298 359
f 309 298 297
f 299 270 269
f 260 300 272
f 285 316 324
f 367 285 324
f 367 301 285
f 289 274 389
f 317 325 287
f 318 286 302
f 318 319 286
f 321 291 364
f 320 287 303
f 330 276 319
f 292 321 394
f 368 331 303
f 345 332 276
f 332 304 276
f 408 322 395
f 322 265 395
f 334 293 304
f 349 294 333
f 323 294 349
f 295 294 323
f 311 281 239
f 312 354 350
f 353 277 338
f 307 296 356
f 256 355 352
f 306 386 355
f 256 310 278
f 359 386 279
f 270 299 314
f 271 376 324
f 300 438 272
f 440 376 272
f 316 271 324
f 258 325 340
f 340 327 259
f 300 315 326
f 440 272 438
f 326 315 327
f 403 389 274
f 326 342 300
f 291 341 364
f 328 329 392
f 320 317 287
f 303 317 320
f 331 317 303
f 330 345 276
f 408 329 322
f 332 334 304
f 265 348 395
f 265 305 348
f 371 348 305
f 349 295 323
f 334 311 239
f 417 305 353
f 256 335 310
f 256 352 335
f 277 336 374
f 283 414 354
f 313 357 314
f 335 357 313
f 310 335 313
f 356 296 358
f 283 270 414
f 414 270 337
f 498 298 309
f 314 360 270
f 438 361 440
f 339 403 274
f 340 406 327
f 289 291 290
f 325 317 340
f 327 406 326
f 300 342 366
f 301 367 318
f 302 301 318
f 318 367 330
f 319 318 330
f 391 317 331
f 367 344 330
f 344 345 330
f 343 394 333
f 394 380 333
f 368 346 369
f 333 449 349
f 350 346 368
f 332 351 334
f 351 311 334
f 449 295 349
f 308 311 351
f 417 371 305
f 295 449 384
f 297 373 309
f 382 373 297
f 295 451 358
f 338 400 353
f 420 338 277
f 419 336 356
f 355 386 453
f 298 498 359
f 360 337 270
f 339 437 403
f 339 362 388
f 437 339 388
f 406 340 363
f 378 326 406
f 401 438 300
f 326 378 342
f 401 300 366
f 367 324 390
f 391 340 317
f 394 321 364
f 379 344 367
f 410 331 368
f 347 345 344
f 344 370 347
f 332 345 347
f 395 348 396
f 351 332 347
f 380 381 333
f 381 398 333
f 398 449 333
f 371 396 348
f 347 397 351
f 429 350 354
f 335 352 372
f 351 397 308
f 372 385 335
f 397 382 308
f 372 352 450
f 335 385 375
f 400 417 353
f 295 384 451
f 335 375 357
f 383 498 309
f 374 336 419
f 414 337 360
f 375 314 357
f 374 420 277
f 418 386 359
f 400 338 420
f 376 405 324
f 289 389 387
f 291 289 377
f 377 341 291
f 340 391 363
f 365 367 390
f 366 342 393
f 365 379 367
f 392 329 408
f 441 408 395
f 425 410 368
f 425 368 369
f 394 381 380
f 371 464 396
f 429 354 414
f 415 371 417
f 373 383 309
f 385 372 517
f 450 352 355
f 386 418 453
f 418 359 498
f 503 440 361
f 407 324 405
f 289 387 404
f 324 407 390
f 328 362 339
f 363 391 423
f 362 328 392
f 331 410 391
f 370 344 379
f 462 481 394
f 413 369 346
f 481 381 394
f 413 346 350
f 413 350 429
f 398 381 449
f 415 464 371
f 372 432 517
f 360 399 414
f 314 416 360
f 375 416 314
f 356 358 451
f 436 468 400
f 436 400 420
f 437 362 402
f 437 388 362
f 387 389 403
f 406 363 456
f 406 456 378
f 363 423 456
f 422 342 378
f 342 422 393
f 407 365 390
f 391 410 423
f 411 410 425
f 461 395 396
f 460 444 379
f 379 444 370
f 425 369 427
f 369 413 427
f 370 397 347
f 449 381 514
f 397 467 382
f 467 373 382
f 399 360 416
f 417 400 468
f 385 416 375
f 416 385 517
f 452 419 356
f 452 356 451
f 374 419 469
f 453 418 435
f 436 501 468
f 436 420 581
f 439 438 401
f 488 403 437
f 387 403 404
f 437 421 488
f 289 404 377
f 439 401 366
f 341 409 364
f 393 439 366
f 456 423 492
f 456 422 378
f 409 394 364
f 441 392 408
f 423 459 492
f 460 379 365
f 462 394 409
f 423 411 459
f 395 424 441
f 423 410 411
f 477 411 425
f 477 425 426
f 425 427 426
f 370 444 463
f 427 413 447
f 428 412 432
f 432 412 428
f 428 431 432
f 429 416 430
f 414 399 429
f 416 429 399
f 517 432 448
f 450 433 372
f 416 517 499
f 467 383 373
f 374 469 420
f 419 452 469
f 486 450 355
f 505 405 376
f 455 535 403
f 404 403 535
f 455 403 488
f 470 402 362
f 488 421 437
f 362 392 521
f 407 510 365
f 490 393 422
f 478 441 424
f 457 459 411
f 478 424 395
f 477 426 443
f 458 426 442
f 426 458 443
f 478 395 461
f 426 445 442
f 463 461 446
f 461 396 446
f 396 463 446
f 482 426 427
f 445 426 482
f 381 481 514
f 482 427 447
f 429 447 413
f 428 465 431
f 430 447 429
f 432 431 448
f 466 430 416
f 432 372 433
f 434 416 499
f 450 486 518
f 420 469 581
f 453 486 355
f 438 454 361
f 470 437 402
f 454 438 439
f 376 503 505
f 503 376 440
f 566 341 377
f 566 409 341
f 490 439 393
f 457 492 459
f 392 441 521
f 443 493 477
f 476 411 477
f 476 457 411
f 540 442 541
f 460 479 444
f 461 463 444
f 557 445 482
f 370 463 496
f 463 396 464
f 496 397 370
f 465 428 432
f 447 513 482
f 430 466 447
f 431 465 448
f 465 432 433
f 466 416 434
f 433 450 518
f 500 384 449
f 526 435 418
f 453 435 486
f 470 488 437
f 503 361 454
f 535 455 488
f 471 404 535
f 407 405 507
f 506 377 404
f 473 422 508
f 510 407 491
f 472 422 474
f 490 422 472
f 493 443 458
f 475 477 493
f 475 476 477
f 510 460 365
f 511 442 540
f 479 460 510
f 444 479 461
f 544 442 445
f 522 496 463
f 496 467 397
f 484 467 512
f 447 483 513
f 447 466 516
f 448 465 549
f 447 516 483
f 466 434 516
f 517 448 549
f 484 548 383
f 484 383 467
f 499 517 525
f 451 384 500
f 501 417 468
f 452 532 469
f 532 452 551
f 518 486 485
f 581 533 436
f 487 534 502
f 489 488 470
f 490 472 439
f 520 470 362
f 474 439 472
f 508 456 492
f 422 456 508
f 473 474 422
f 493 458 539
f 476 492 457
f 462 409 592
f 458 442 511
f 539 458 509
f 521 441 494
f 493 476 475
f 494 441 478
f 462 592 480
f 510 542 479
f 541 442 544
f 481 462 480
f 557 482 513
f 522 463 464
f 464 415 497
f 465 523 549
f 465 433 523
f 601 513 483
f 497 415 515
f 417 515 415
f 498 383 548
f 449 599 500
f 418 498 526
f 515 417 501
f 487 485 486
f 487 486 565
f 643 487 519
f 502 519 487
f 454 439 504
f 535 537 471
f 520 489 470
f 471 506 404
f 506 566 377
f 566 592 409
f 474 473 508
f 407 507 491
f 554 439 474
f 521 520 362
f 509 458 511
f 493 539 589
f 476 493 589
f 543 478 461
f 543 461 479
f 556 481 480
f 556 495 481
f 512 467 496
f 524 514 481
f 528 434 499
f 528 499 525
f 527 526 498
f 551 452 451
f 565 486 435
f 501 436 533
f 487 643 485
f 534 487 580
f 454 504 624
f 489 536 488
f 504 439 585
f 554 585 439
f 555 507 405
f 554 508 538
f 476 538 508
f 476 508 492
f 507 555 510
f 491 507 510
f 494 520 521
f 509 511 539
f 538 476 589
f 480 592 612
f 612 556 480
f 542 543 479
f 512 548 484
f 523 433 559
f 515 621 497
f 599 514 524
f 516 434 622
f 525 517 549
f 599 449 514
f 548 527 498
f 527 562 526
f 530 515 501
f 564 451 500
f 531 518 485
f 531 529 518
f 564 551 451
f 530 533 550
f 581 469 532
f 578 581 532
f 526 565 435
f 530 501 533
f 565 580 487
f 503 454 624
f 535 488 626
f 626 488 628
f 628 488 536
f 588 505 503
f 471 537 587
f 587 506 471
f 505 555 405
f 489 520 536
f 508 554 474
f 511 610 539
f 610 511 540
f 652 478 543
f 540 541 569
f 544 569 541
f 557 544 445
f 617 495 556
f 617 481 495
f 557 513 595
f 545 496 674
f 546 512 496
f 545 546 496
f 674 496 522
f 595 547 572
f 595 513 547
f 547 513 619
f 513 601 619
f 597 527 548
f 483 622 576
f 516 622 483
f 577 433 518
f 601 483 576
f 530 712 515
f 550 712 530
f 485 529 531
f 551 578 532
f 502 534 683
f 504 585 552
f 535 586 537
f 588 609 505
f 664 538 611
f 554 538 664
f 611 538 553
f 540 569 568
f 542 570 543
f 556 571 617
f 558 481 617
f 572 620 574
f 512 597 548
f 572 547 620
f 620 547 619
f 575 527 597
f 577 559 433
f 434 561 622
f 561 434 528
f 577 518 529
f 562 602 526
f 578 551 563
f 485 579 529
f 602 565 526
f 623 485 643
f 643 519 662
f 582 504 552
f 584 503 624
f 583 552 585
f 503 645 588
f 626 737 535
f 506 587 608
f 566 506 608
f 585 554 664
f 538 589 553
f 555 505 609
f 628 536 520
f 567 520 494
f 610 540 632
f 540 568 632
f 613 542 510
f 478 652 494
f 571 556 612
f 570 652 543
f 544 594 569
f 615 544 557
f 574 573 572
f 697 674 522
f 599 481 558
f 618 575 597
f 599 524 481
f 549 528 525
f 575 560 562
f 575 562 527
f 600 622 561
f 528 549 561
f 577 562 560
f 621 515 711
f 712 550 679
f 711 515 712
f 564 500 599
f 602 562 577
f 564 563 551
f 602 580 565
f 579 485 623
f 605 534 580
f 662 519 502
f 645 503 584
f 535 737 586
f 586 625 537
f 625 587 537
f 611 553 589
f 539 591 589
f 555 613 510
f 569 593 568
f 613 635 542
f 634 593 653
f 614 593 569
f 614 569 594
f 672 570 542
f 595 572 573
f 545 616 546
f 598 655 574
f 546 597 512
f 697 522 464
f 657 558 617
f 574 661 598
f 661 574 677
f 620 677 574
f 642 523 559
f 497 697 464
f 497 621 697
f 561 549 660
f 559 577 560
f 564 773 563
f 550 603 679
f 603 550 533
f 578 563 604
f 529 579 577
f 577 579 580
f 602 577 580
f 582 624 504
f 552 583 606
f 607 585 664
f 592 566 608
f 648 611 589
f 664 611 590
f 630 628 520
f 610 591 539
f 589 591 648
f 632 631 610
f 631 668 610
f 632 568 634
f 609 670 555
f 555 670 613
f 568 593 634
f 653 650 634
f 635 651 542
f 672 542 651
f 612 654 571
f 593 614 653
f 614 594 544
f 636 570 672
f 570 636 616
f 557 595 596
f 595 573 655
f 574 655 573
f 639 546 616
f 598 658 694
f 638 655 598
f 546 656 597
f 597 640 618
f 599 558 657
f 549 523 642
f 599 657 847
f 598 661 641
f 620 619 799
f 619 601 713
f 600 576 622
f 715 533 581
f 581 578 715
f 604 715 578
f 579 605 580
f 605 683 534
f 552 606 582
f 606 583 585
f 627 611 629
f 611 627 590
f 588 647 609
f 611 648 686
f 629 611 686
f 649 647 588
f 721 612 592
f 634 633 632
f 634 666 633
f 612 721 783
f 635 613 670
f 670 651 635
f 614 544 707
f 845 570 616
f 655 637 595
f 595 637 596
f 654 617 571
f 694 638 598
f 656 546 639
f 654 726 617
f 726 657 617
f 597 656 640
f 598 641 658
f 660 549 642
f 559 560 659
f 659 560 575
f 600 561 660
f 599 680 773
f 773 564 599
f 624 644 584
f 585 607 606
f 584 644 645
f 587 625 685
f 592 608 665
f 590 669 664
f 588 646 649
f 592 665 721
f 688 670 609
f 688 609 647
f 567 689 520
f 689 630 520
f 689 567 494
f 671 651 670
f 650 653 766
f 653 614 707
f 724 707 544
f 615 724 544
f 636 672 725
f 636 639 616
f 638 694 655
f 708 656 639
f 709 642 559
f 711 754 697
f 697 621 711
f 600 660 820
f 679 678 712
f 576 713 601
f 681 682 563
f 681 563 773
f 715 603 533
f 757 715 604
f 824 605 579
f 733 662 502
f 663 582 702
f 684 644 624
f 644 684 588
f 645 644 588
f 684 646 588
f 586 736 625
f 685 625 736
f 587 685 608
f 628 737 626
f 685 665 608
f 590 629 703
f 590 627 629
f 829 686 648
f 633 667 632
f 667 668 632
f 632 668 631
f 704 666 690
f 690 666 650
f 666 634 650
f 494 652 689
f 654 612 783
f 690 650 766
f 786 693 654
f 845 616 545
f 596 615 557
f 744 637 655
f 708 639 636
f 693 726 654
f 694 658 698
f 695 640 656
f 698 658 771
f 675 696 700
f 709 752 642
f 659 709 559
f 640 709 659
f 575 640 659
f 618 640 575
f 642 676 660
f 641 661 821
f 661 677 821
f 820 576 600
f 753 599 847
f 677 620 799
f 604 563 682
f 623 824 579
f 733 502 683
f 624 582 663
f 702 582 606
f 624 734 684
f 646 607 664
f 646 664 669
f 668 591 610
f 703 629 686
f 669 649 646
f 628 630 761
f 687 667 666
f 666 667 633
f 703 669 590
f 704 830 666
f 692 704 690
f 688 691 670
f 705 1158 959
f 959 722 705
f 654 783 741
f 671 670 691
f 741 786 654
f 766 692 690
f 651 671 672
f 845 652 570
f 725 708 636
f 655 694 673
f 747 545 674
f 708 695 656
f 746 694 698
f 748 675 749
f 896 749 675
f 698 675 748
f 698 696 675
f 728 640 751
f 796 697 754
f 700 896 675
f 698 771 696
f 658 641 755
f 699 660 676
f 699 820 660
f 679 732 678
f 603 732 679
f 757 604 682
f 623 643 776
f 701 643 662
f 733 701 662
f 646 684 734
f 717 685 736
f 737 628 761
f 667 738 668
f 591 829 648
f 764 669 703
f 830 687 666
f 764 649 669
f 740 647 649
f 834 704 692
f 692 706 722
f 722 706 705
f 706 692 766
f 615 596 724
f 655 673 744
f 673 694 727
f 749 849 748
f 695 751 640
f 847 657 726
f 752 676 642
f 710 696 771
f 771 658 730
f 755 641 821
f 754 711 678
f 852 680 599
f 799 619 713
f 731 576 820
f 603 714 732
f 772 681 773
f 714 603 715
f 734 624 663
f 827 606 716
f 827 702 606
f 646 734 735
f 607 716 606
f 826 777 646
f 646 777 607
f 717 779 685
f 665 685 802
f 687 719 667
f 829 718 686
f 718 760 686
f 804 649 764
f 649 804 740
f 630 689 720
f 721 782 783
f 959 739 722
f 833 834 692
f 704 834 830
f 688 647 740
f 833 692 722
f 652 784 689
f 723 671 691
f 652 882 805
f 671 743 672
f 841 766 653
f 882 652 845
f 653 707 808
f 789 726 693
f 698 748 793
f 768 751 695
f 794 752 729
f 728 729 709
f 640 728 709
f 729 752 709
f 770 710 771
f 658 755 730
f 852 599 753
f 711 712 678
f 681 775 682
f 775 757 682
f 714 715 757
f 824 623 776
f 996 683 605
f 902 996 605
f 826 735 734
f 735 826 646
f 827 716 860
f 586 737 736
f 779 802 685
f 591 668 738
f 865 829 591
f 760 703 686
f 665 763 721
f 763 782 721
f 688 740 723
f 688 723 691
f 723 742 671
f 806 705 706
f 839 706 766
f 671 742 743
f 841 653 808
f 743 725 672
f 842 707 724
f 789 693 786
f 791 724 596
f 708 725 743
f 727 744 673
f 637 744 792
f 695 708 745
f 746 815 694
f 815 727 694
f 750 726 789
f 793 746 698
f 747 674 974
f 750 847 726
f 710 700 696
f 714 800 732
f 713 576 731
f 758 757 775
f 701 776 643
f 902 605 824
f 1037 733 683
f 1037 683 996
f 663 826 734
f 759 717 736
f 779 717 759
f 780 667 719
f 667 951 738
f 703 760 781
f 720 762 630
f 630 762 761
f 835 764 703
f 765 720 689
f 764 835 803
f 803 804 764
f 784 652 805
f 783 786 741
f 1089 1158 705
f 723 767 742
f 742 767 743
f 838 789 786
f 792 791 637
f 791 596 637
f 767 745 708
f 743 767 708
f 767 768 745
f 695 745 768
f 751 768 767
f 849 793 748
f 789 847 750
f 749 896 888
f 794 851 752
f 751 769 729
f 728 751 729
f 796 674 697
f 851 676 752
f 676 851 699
f 852 753 847
f 699 798 820
f 731 820 774
f 678 732 756
f 821 677 857
f 856 799 713
f 701 733 825
f 858 702 827
f 826 663 702
f 862 951 719
f 951 864 738
f 738 865 591
f 738 903 865
f 760 718 829
f 761 762 831
f 829 781 760
f 782 763 665
f 720 765 762
f 739 833 722
f 785 740 804
f 740 785 723
f 785 804 788
f 723 785 788
f 805 882 918
f 788 787 723
f 806 706 839
f 841 839 766
f 807 723 787
f 723 807 767
f 747 845 545
f 883 724 791
f 727 978 744
f 978 792 744
f 978 727 815
f 767 807 790
f 746 793 815
f 751 790 769
f 767 790 751
f 814 847 789
f 794 795 769
f 729 795 794
f 769 795 729
f 816 852 847
f 851 817 699
f 817 797 699
f 797 798 699
f 730 770 771
f 852 772 773
f 680 852 773
f 774 898 731
f 678 939 754
f 756 939 678
f 681 801 775
f 772 801 681
f 857 677 799
f 713 822 856
f 713 731 822
f 822 731 898
f 825 776 823
f 776 701 823
f 825 733 901
f 901 733 1037
f 860 716 1000
f 1000 716 828
f 716 607 828
f 607 777 828
f 737 778 736
f 687 862 719
f 719 951 780
f 780 951 667
f 761 778 737
f 835 703 868
f 802 832 665
f 832 782 665
f 689 784 765
f 804 803 788
f 788 803 837
f 783 914 786
f 788 837 787
f 914 838 786
f 787 840 810
f 787 810 807
f 808 707 842
f 879 842 724
f 883 879 724
f 790 810 811
f 807 810 790
f 810 812 811
f 846 845 747
f 790 811 769
f 838 814 789
f 812 769 811
f 815 984 978
f 812 813 794
f 794 769 812
f 813 851 794
f 796 974 674
f 818 730 755
f 774 820 797
f 820 798 797
f 887 939 800
f 700 710 819
f 818 755 821
f 732 939 756
f 800 939 732
f 938 800 714
f 942 857 799
f 757 758 714
f 701 825 823
f 826 702 858
f 828 777 826
f 778 759 736
f 830 861 687
f 687 861 862
f 904 779 759
f 905 864 951
f 865 917 829
f 781 829 917
f 912 778 761
f 831 912 761
f 866 834 833
f 871 830 834
f 781 868 703
f 782 914 783
f 803 835 837
f 837 840 787
f 1089 705 806
f 880 844 840
f 921 842 843
f 844 809 840
f 840 812 810
f 812 840 809
f 844 812 809
f 844 813 812
f 930 883 791
f 849 749 848
f 848 749 888
f 849 981 793
f 815 793 850
f 884 817 813
f 816 847 814
f 884 797 817
f 855 939 887
f 938 887 800
f 936 772 852
f 1034 819 710
f 1034 710 770
f 894 754 939
f 936 895 801
f 772 936 801
f 799 856 989
f 801 992 775
f 776 825 1065
f 776 1065 994
f 994 824 776
f 996 902 948
f 859 826 858
f 826 859 828
f 759 778 961
f 1124 904 759
f 907 738 864
f 903 909 865
f 912 961 778
f 779 904 802
f 863 1004 739
f 833 739 1004
f 833 1004 954
f 833 954 866
f 871 834 877
f 864 1007 907
f 765 784 955
f 765 872 762
f 762 872 869
f 869 831 762
f 782 832 870
f 781 867 868
f 784 836 955
f 870 873 782
f 873 914 782
f 781 917 867
f 868 875 835
f 837 835 875
f 805 836 784
f 868 874 875
f 874 868 867
f 880 837 875
f 960 805 918
f 876 806 839
f 837 880 840
f 877 876 839
f 841 877 839
f 877 841 919
f 875 874 880
f 808 921 920
f 842 879 843
f 919 841 808
f 842 921 808
f 882 846 918
f 881 838 878
f 926 792 978
f 792 926 791
f 1017 846 747
f 881 929 838
f 924 884 844
f 929 814 838
f 884 885 844
f 813 844 885
f 924 886 884
f 885 884 813
f 981 890 793
f 813 817 851
f 814 852 816
f 853 815 850
f 793 890 850
f 853 984 815
f 818 853 850
f 890 892 770
f 770 730 850
f 770 850 890
f 850 730 818
f 818 984 853
f 884 893 797
f 855 891 939
f 854 939 891
f 891 855 887
f 796 754 894
f 796 894 941
f 892 1034 770
f 987 818 821
f 856 822 1027
f 774 797 893
f 700 819 1036
f 897 942 799
f 989 897 799
f 992 758 775
f 825 901 900
f 995 902 824
f 827 1041 858
f 998 827 860
f 907 903 738
f 961 1124 759
f 906 739 959
f 832 802 904
f 870 832 904
f 870 904 908
f 834 866 877
f 830 871 957
f 864 905 1007
f 907 910 1009
f 956 865 909
f 865 956 917
f 872 958 869
f 866 876 877
f 907 1007 910
f 805 911 955
f 805 955 836
f 870 913 873
f 960 911 805
f 765 915 872
f 914 873 913
f 871 877 957
f 957 877 919
f 831 869 964
f 831 964 912
f 916 1005 806
f 1005 916 876
f 876 916 806
f 1089 806 1087
f 879 1128 910
f 838 914 878
f 879 910 843
f 874 967 923
f 922 921 843
f 879 883 1128
f 874 923 880
f 923 969 880
f 880 969 844
f 846 882 845
f 844 969 967
f 967 924 844
f 881 878 929
f 925 926 978
f 791 926 928
f 930 791 928
f 931 924 927
f 886 924 931
f 940 930 933
f 886 931 884
f 852 814 937
f 937 814 972
f 931 893 935
f 932 891 887
f 933 930 928
f 935 884 931
f 854 891 985
f 852 937 936
f 981 892 890
f 935 893 884
f 932 887 938
f 932 938 889
f 818 987 984
f 940 856 1027
f 985 939 854
f 856 940 933
f 941 894 939
f 714 758 938
f 1062 1034 892
f 933 989 856
f 822 944 1027
f 989 942 897
f 898 944 945
f 1036 819 1034
f 1032 987 821
f 945 944 822
f 945 822 898
f 946 992 801
f 946 801 895
f 857 1032 821
f 899 1032 857
f 1033 899 857
f 942 1033 857
f 993 758 992
f 900 1065 825
f 949 996 948
f 950 828 858
f 858 828 859
f 860 1000 998
f 1000 828 1078
f 907 1009 903
f 1004 863 1079
f 1001 861 953
f 1009 1008 903
f 861 1001 862
f 1001 951 862
f 861 830 957
f 908 904 952
f 1007 951 1006
f 951 1007 905
f 866 954 1005
f 765 955 1011
f 870 908 913
f 866 1005 876
f 1081 1009 910
f 958 872 915
f 765 1011 915
f 914 913 965
f 910 1007 843
f 1128 1081 910
f 958 964 869
f 961 912 1014
f 965 971 914
f 917 1013 867
f 874 867 967
f 963 964 958
f 808 962 919
f 920 962 808
f 912 964 1014
f 914 971 878
f 921 962 920
f 867 1013 967
f 918 846 966
f 967 969 923
f 1058 1128 883
f 970 924 967
f 971 972 878
f 878 972 929
f 747 974 1134
f 932 975 979
f 975 932 976
f 977 976 932
f 973 931 927
f 982 977 932
f 929 972 814
f 849 848 981
f 934 891 932
f 934 932 979
f 1023 978 984
f 1020 1030 931
f 979 985 934
f 982 932 889
f 1059 889 938
f 972 980 936
f 937 972 936
f 1134 974 796
f 1134 796 1109
f 985 891 934
f 980 986 936
f 928 989 933
f 931 1030 893
f 989 928 988
f 941 985 1026
f 988 991 989
f 941 939 985
f 758 1059 938
f 936 943 895
f 942 989 991
f 774 1030 898
f 1030 774 893
f 990 987 1032
f 1027 944 898
f 1033 942 991
f 946 895 992
f 1035 896 700
f 994 1065 1063
f 994 995 824
f 901 947 900
f 947 901 1037
f 949 948 1069
f 1044 1076 1040
f 1040 999 1044
f 1048 1045 1000
f 1000 1078 1048
f 904 1124 952
f 961 1003 1124
f 957 953 861
f 1001 1006 951
f 1004 1005 954
f 909 903 956
f 1008 1050 903
f 1050 956 903
f 955 911 960
f 913 908 952
f 953 919 962
f 953 957 919
f 1007 1006 843
f 956 1013 917
f 906 959 1158
f 1006 1010 843
f 1012 960 918
f 915 1092 958
f 806 1005 1087
f 922 843 1010
f 1011 1092 915
f 958 1092 963
f 1052 1093 913
f 1049 962 1006
f 1006 962 1010
f 1010 962 921
f 1010 921 922
f 963 1092 1016
f 966 1012 918
f 964 963 1016
f 1014 964 1016
f 1013 1057 967
f 968 1014 1016
f 1014 968 1018
f 966 846 1017
f 1016 982 889
f 968 1016 889
f 965 1019 971
f 967 1057 927
f 968 889 1018
f 927 970 967
f 970 927 924
f 889 1059 1018
f 971 1019 1021
f 1021 972 971
f 1058 883 1100
f 1100 883 930
f 975 976 979
f 976 977 982
f 1019 980 972
f 1019 972 1021
f 925 978 1023
f 1020 931 973
f 926 983 928
f 1022 985 979
f 987 1023 984
f 1023 983 925
f 925 983 926
f 928 983 1025
f 1027 1107 940
f 1023 987 983
f 928 1025 988
f 1026 1109 796
f 941 1026 796
f 986 943 936
f 986 1031 943
f 981 1062 892
f 983 1032 1025
f 1025 899 1033
f 1028 1027 898
f 1029 1028 898
f 1030 1029 898
f 1031 895 943
f 1031 992 895
f 888 896 1035
f 983 987 990
f 1032 983 990
f 899 1025 1032
f 1033 991 1025
f 1059 758 993
f 1025 991 988
f 1035 700 1036
f 1113 1035 1036
f 1036 1034 1113
f 1115 995 994
f 1066 902 995
f 948 902 1066
f 1067 1037 996
f 949 1067 996
f 948 1066 1069
f 1069 1116 949
f 1152 997 1038
f 1041 827 1121
f 1076 1039 1040
f 1042 997 999
f 827 998 1121
f 1000 1043 998
f 1044 999 1182
f 1182 999 997
f 997 1043 1182
f 1045 1182 1043
f 1043 1000 1045
f 1077 828 950
f 1123 1182 1045
f 739 1046 863
f 1048 1002 1045
f 739 906 1208
f 1124 1125 952
f 1125 1080 952
f 1005 1004 1211
f 1001 953 1049
f 1008 1009 1082
f 1157 1048 1051
f 1157 1002 1048
f 1211 1087 1005
f 1048 1047 1051
f 953 962 1049
f 1049 1006 1001
f 1157 1051 1053
f 1003 961 1014
f 1082 1085 1008
f 1008 1085 1050
f 1085 956 1050
f 1055 1051 1047
f 1057 1013 956
f 1015 1094 1051
f 1055 1015 1051
f 913 1093 965
f 1129 1014 1018
f 1015 1055 1056
f 1098 1056 1055
f 1056 1094 1015
f 1017 1012 966
f 1093 1024 1019
f 965 1093 1019
f 927 1057 973
f 1012 1017 747
f 1012 747 1134
f 1016 1022 976
f 976 982 1016
f 1020 973 1060
f 1059 1136 1018
f 1022 979 976
f 1019 1024 980
f 930 940 1100
f 1022 1135 985
f 1110 1061 1024
f 1141 981 848
f 1060 1028 1029
f 1030 1060 1029
f 1060 1030 1020
f 1108 1026 985
f 1061 980 1024
f 1108 1109 1026
f 1061 986 980
f 1028 1107 1027
f 986 1061 1031
f 1111 993 1112
f 993 1111 1059
f 1112 993 992
f 992 1061 1112
f 1061 992 1031
f 1142 1034 1062
f 1142 1113 1034
f 994 1063 1114
f 1064 1063 1065
f 994 1114 1115
f 1065 900 947
f 1037 1146 947
f 1066 1068 1069
f 1073 1039 1072
f 1071 1073 1072
f 1071 1038 1073
f 1072 1039 1119
f 1073 1074 1118
f 1073 1038 1074
f 1073 1118 1039
f 1074 1038 1042
f 1042 1038 997
f 1039 1075 1040
f 1039 1118 1075
f 1075 1118 1074
f 1076 1179 1039
f 1042 1075 1074
f 1042 1040 1075
f 1121 858 1041
f 1120 997 1152
f 1120 1043 997
f 1040 1042 999
f 1183 1077 950
f 1044 1182 1154
f 1184 1045 1002
f 1046 739 1208
f 863 1046 1079
f 1078 1047 1048
f 1047 1078 1155
f 1184 1002 1157
f 1047 1155 1156
f 1082 1009 1081
f 952 1080 1084
f 952 1084 913
f 1212 906 1158
f 1011 955 1126
f 1129 1003 1014
f 913 1084 1052
f 1082 1081 1083
f 1096 956 1085
f 960 1012 1086
f 955 960 1086
f 955 1086 1163
f 1126 955 1163
f 1054 1055 1047
f 1091 1011 1126
f 1092 1011 1091
f 1052 1084 1093
f 1096 1057 956
f 1051 1094 1053
f 1096 1085 1130
f 1095 1092 1091
f 1024 1093 1097
f 1083 1128 1058
f 1092 1099 1016
f 1165 1129 1018
f 1130 1101 1096
f 1057 1096 973
f 1098 1137 1056
f 1097 1102 1024
f 1096 1103 973
f 1016 1099 1022
f 1103 1060 973
f 1086 1012 1090
f 1096 1101 1103
f 1028 1101 1104
f 1099 1135 1022
f 1024 1102 1105
f 1104 1100 1028
f 1012 1134 1090
f 1028 1100 1107
f 1028 1106 1101
f 1101 1106 1103
f 1134 1109 1163
f 1105 1110 1024
f 1106 1028 1060
f 1106 1060 1103
f 985 1135 1108
f 1136 1059 1111
f 1100 940 1107
f 1061 1110 1112
f 1062 981 1141
f 1113 1142 1171
f 1064 1114 1063
f 1065 1145 1064
f 995 1115 1147
f 947 1146 1065
f 1147 1066 995
f 1146 1037 1172
f 1067 1172 1037
f 949 1172 1067
f 1116 1148 949
f 1069 1068 1149
f 1116 1069 1070
f 1070 1069 1149
f 1152 1038 1198
f 1198 1038 1071
f 1152 1219 1120
f 1119 1039 1179
f 1180 1121 998
f 998 1043 1120
f 858 1121 950
f 1180 950 1121
f 1179 1076 1205
f 1183 950 1180
f 1154 1076 1044
f 1183 1122 828
f 1183 828 1077
f 1078 1122 1155
f 1122 1078 828
f 1045 1184 1123
f 1228 1079 1046
f 1208 906 1212
f 1079 1211 1004
f 1003 1129 1124
f 1079 1237 1211
f 1125 1124 1129
f 1080 1159 1084
f 1158 1089 1212
f 1128 1083 1081
f 1094 1088 1053
f 1055 1054 1127
f 1098 1055 1127
f 1090 1163 1086
f 1083 1085 1082
f 1186 1164 1093
f 1093 1084 1186
f 1058 1130 1083
f 1085 1083 1130
f 1161 1094 1056
f 1095 1099 1092
f 1100 1130 1058
f 1093 1164 1097
f 1101 1130 1131
f 1165 1018 1136
f 1137 1161 1056
f 1137 1098 1162
f 1164 1102 1097
f 1131 1130 1100
f 1104 1131 1100
f 1131 1104 1101
f 1166 1137 1162
f 1135 1163 1109
f 1102 1164 1105
f 1213 1138 888
f 888 1138 848
f 1105 1164 1110
f 1162 1139 1166
f 1135 1109 1108
f 1133 1136 1111
f 1133 1111 1167
f 1166 1139 1143
f 1167 1111 1140
f 1140 1111 1112
f 1141 1142 1062
f 1170 1064 1139
f 1064 1143 1139
f 1064 1170 1114
f 1194 1064 1145
f 1065 1146 1145
f 1172 1066 1147
f 1172 949 1148
f 1066 1148 1068
f 1196 1116 1070
f 1117 1070 1149
f 1117 1149 1197
f 1174 1070 1117
f 1117 1197 1150
f 1150 1217 1151
f 1203 1224 1120
f 1224 1235 1120
f 998 1120 1235
f 1235 1180 998
f 1205 1076 1181
f 1076 1154 1181
f 1183 1155 1122
f 1207 1155 1183
f 1155 1225 1156
f 1210 1157 1053
f 1053 1088 1210
f 1156 1054 1047
f 1125 1159 1080
f 1125 1129 1159
f 1087 1211 1089
f 1159 1129 1160
f 1084 1159 1186
f 1098 1127 1162
f 1129 1165 1160
f 1161 1185 1094
f 1091 1187 1099
f 1095 1091 1099
f 1186 1188 1164
f 1161 1137 1189
f 1134 1163 1090
f 1165 1136 1160
f 1099 1187 1135
f 1160 1136 1133
f 1188 1160 1133
f 1189 1137 1166
f 1188 1167 1164
f 1189 1162 1132
f 1191 1163 1135
f 1164 1167 1110
f 1162 1189 1168
f 1139 1162 1168
f 1191 1135 1187
f 1167 1140 1110
f 1141 848 1138
f 1140 1112 1110
f 1141 1193 1142
f 1169 1170 1139
f 1169 1143 1064
f 1064 1194 1169
f 1144 1114 1170
f 1114 1144 1115
f 1195 1147 1115
f 1147 1146 1172
f 1066 1172 1148
f 1068 1148 1149
f 1148 1116 1196
f 1173 1149 1148
f 1148 1196 1173
f 1070 1174 1196
f 1174 1117 1215
f 1117 1150 1215
f 1150 1197 1217
f 1175 1150 1151
f 1072 1218 1071
f 1218 1176 1071
f 1176 1198 1071
f 1177 1152 1198
f 1152 1177 1219
f 1182 1181 1154
f 1123 1206 1182
f 1184 1226 1234
f 1207 1225 1155
f 1228 1237 1079
f 1094 1185 1088
f 1054 1185 1127
f 1126 1163 1190
f 1188 1159 1160
f 1185 1161 1127
f 1186 1159 1188
f 1162 1127 1132
f 1187 1126 1190
f 1126 1187 1091
f 1190 1163 1191
f 1190 1191 1187
f 1167 1188 1133
f 1141 1138 1213
f 1231 1213 888
f 1141 1213 1192
f 1189 1166 1168
f 1193 1141 1192
f 1139 1168 1169
f 1168 1143 1169
f 1169 1194 1170
f 1171 1142 1193
f 1214 1035 1113
f 1171 1214 1113
f 1144 1170 1194
f 1144 1195 1115
f 1147 1195 1146
f 1196 1174 1173
f 1173 1174 1149
f 1197 1149 1174
f 1216 1217 1197
f 1175 1151 1217
f 1198 1176 1218
f 1119 1218 1072
f 1199 1201 1153
f 1178 1221 1153
f 1153 1201 1178
f 1120 1219 1203
f 1206 1203 1202
f 1203 1206 1224
f 1223 1205 1181
f 1182 1223 1181
f 1202 1223 1182
f 1206 1202 1182
f 1183 1180 1235
f 1183 1235 1207
f 1207 1235 1236
f 1234 1123 1184
f 1184 1157 1226
f 1210 1226 1157
f 1225 1209 1156
f 1156 1209 1210
f 1088 1230 1210
f 1210 1230 1156
f 1156 1230 1054
f 1230 1088 1185
f 1127 1161 1132
f 1161 1189 1132
f 1143 1168 1166
f 1231 888 1035
f 1231 1035 1214
f 1214 1171 1193
f 1194 1195 1144
f 1194 1145 1146
f 1194 1146 1195
f 1174 1215 1197
f 1197 1215 1216
f 1150 1175 1242
f 1215 1150 1242
f 1242 1175 1243
f 1243 1175 1217
f 1198 1218 1232
f 1232 1218 1119
f 1200 1198 1232
f 1198 1200 1177
f 1232 1221 1200
f 1177 1200 1219
f 1232 1199 1153
f 1232 1153 1221
f 1179 1220 1119
f 1119 1220 1232
f 1200 1221 1202
f 1221 1178 1202
f 1199 1233 1201
f 1203 1200 1202
f 1203 1219 1200
f 1220 1179 1199
f 1205 1233 1199
f 1178 1204 1222
f 1199 1179 1205
f 1205 1222 1204
f 1178 1222 1202
f 1205 1223 1222
f 1222 1223 1202
f 1224 1206 1234
f 1123 1234 1206
f 1236 1225 1207
f 1046 1245 1228
f 1225 1236 1227
f 1226 1210 1227
f 1227 1210 1225
f 1208 1212 1244
f 1225 1210 1209
f 1238 1211 1237
f 1230 1185 1054
f 1211 1238 1089
f 1192 1249 1193
f 1240 1214 1193
f 1243 1217 1216
f 1199 1232 1220
f 1201 1233 1204
f 1204 1178 1201
f 1204 1233 1205
f 1235 1224 1234
f 1236 1235 1234
f 1226 1236 1234
f 1046 1208 1244
f 1226 1227 1236
f 1237 1228 1238
f 1238 1229 1212
f 1238 1212 1089
f 1192 1213 1249
f 1249 1239 1193
f 1239 1240 1193
f 1215 1241 1216
f 1216 1242 1243
f 1244 1245 1046
f 1245 1246 1228
f 1246 1238 1228
f 1231 1248 1213
f 1249 1240 1239
f 1231 1214 1248
f 1240 1248 1214
f 1241 1215 1242
f 1241 1242 1216
f 1245 1244 1246
f 1244 1247 1246
f 1244 1212 1247
f 1238 1246 1247
f 1212 1229 1247
f 1247 1229 1238
f 1213 1248 1249
f 1249 1248 1240

