# cleaned by validate/cleanup — zero-area faces removed
v 0.02957266 0.85315725 0.34438375 0.07450980 0.09019608 0.10980392
v -0.04929783 0.80652218 0.33946418 0.41176471 0.22745098 0.13333333
v 0.01867739 0.80695678 0.34614108 0.10196078 0.10196078 0.10588235
v 0.06146021 0.85499443 0.33385766 0.27058824 0.28627451 0.31372549
v 0.11562284 0.85072134 0.32765295 0.43529412 0.45882353 0.45882353
v -0.09403818 0.86198071 0.32007308 0.49019608 0.51372549 0.52549020
v -0.06213169 0.86186390 0.32695931 0.47058824 0.48235294 0.48627451
v -0.03214515 0.89736965 0.31563507 0.48627451 0.49803922 0.49803922
v -0.00581494 0.78385169 0.33072642 0.34117647 0.18431373 0.10980392
v -0.05019208 0.84028683 0.34350403 0.43137255 0.42352941 0.41960784
v 0.07286288 0.81519336 0.33897432 0.43529412 0.25098039 0.15294118
v 0.01538816 0.89170723 0.32248249 0.46666667 0.47450980 0.47450980
v 0.12765578 0.82455534 0.32585051 0.51764706 0.47450980 0.37254902
v -0.10861215 0.82007948 0.32357513 0.39215686 0.41176471 0.34509804
v 0.01270447 0.94758566 0.31664808 0.58823529 0.56862745 0.54509804
v 0.03302684 0.90355472 0.31806004 0.49803922 0.49803922 0.50196078
v -0.04815234 0.93824021 0.30918383 0.54901961 0.53725490 0.52549020
v 0.06054178 0.76939235 0.31788676 0.38431373 0.18823529 0.10980392
v 0.06441833 0.96824505 0.29652160 0.69019608 0.67450980 0.63137255
v 0.07980410 0.88952761 0.31254594 0.50980392 0.52941176 0.52549020
v 0.09278077 0.94611569 0.30724670 0.66666667 0.65098039 0.62352941
v 0.09854432 0.78361244 0.31979391 0.51372549 0.26274510 0.16862745
v 0.16535417 0.82145966 0.30770692 0.30980392 0.16862745 0.17254902
v -0.07616576 0.91675528 0.30169712 0.53333333 0.52156863 0.51764706
v -0.04710727 0.95533622 0.30491192 0.56862745 0.54901961 0.54117647
v 0.12313150 0.89918140 0.29343715 0.55294118 0.56862745 0.57254902
v -0.10659946 0.89853369 0.29122681 0.50980392 0.51372549 0.52549020
v -0.04738926 0.98237459 0.28515048 0.67450980 0.65098039 0.58039216
v 0.00536791 0.76176268 0.31561687 0.32941176 0.18823529 0.10196078
v 0.14480136 0.94180149 0.29213342 0.82745098 0.81176471 0.80392157
v 0.18186253 0.84795991 0.29104534 0.52941176 0.57647059 0.59607843
v -0.15030003 0.89001213 0.27562137 0.50588235 0.51764706 0.52941176
v -0.14453306 0.82790676 0.30200461 0.49019608 0.50196078 0.52156863
v -0.12910074 0.81917435 0.30407063 0.80392157 0.70196078 0.65490196
v -0.09740792 0.76870579 0.29100251 0.48235294 0.46274510 0.42352941
v -0.11725630 0.94501863 0.28516151 0.60000000 0.58823529 0.60392157
v -0.01537520 0.98563030 0.28644460 0.75294118 0.73333333 0.67058824
v 0.01567075 0.97927546 0.29386649 0.68235294 0.65490196 0.58431373
v 0.08160076 1.00945053 0.26047252 0.92549020 0.88627451 0.83137255
v 0.08748789 0.75385162 0.28783834 0.39607843 0.26274510 0.27058824
v -0.12936316 0.85628637 0.29691558 0.49803922 0.49411765 0.49411765
v -0.10344296 0.95847264 0.28854711 0.58039216 0.58431373 0.58039216
v 0.04244806 0.98962918 0.28290177 0.83529412 0.80392157 0.73333333
v 0.15266171 0.89772466 0.28355093 0.56862745 0.56862745 0.57647059
v 0.18749228 0.89030251 0.26703004 0.74509804 0.74509804 0.75294118
v 0.22427938 0.83973577 0.26108566 0.56470588 0.57647059 0.59215686
v -0.15694301 0.90096784 0.26644351 0.52156863 0.52156863 0.52549020
v -0.15488568 0.94812164 0.26916758 0.62745098 0.62352941 0.61960784
v -0.12874018 0.90948530 0.27052065 0.50196078 0.52156863 0.53333333
v -0.05922624 0.74603175 0.26890482 0.65490196 0.59215686 0.54117647
v 0.04485961 0.75347067 0.28180467 0.69803922 0.56862745 0.50196078
v 0.06875333 0.74705453 0.26892129 0.79215686 0.72549020 0.63921569
v 0.11671378 0.98770654 0.26918999 0.92941176 0.89803922 0.85882353
v 0.16946665 0.94934173 0.27840782 0.90588235 0.87450980 0.85098039
v -0.12301340 0.97117308 0.26763341 0.67843137 0.66274510 0.61960784
v 0.02081836 1.00952270 0.26639367 0.88627451 0.84705882 0.79215686
v 0.03783160 1.01002856 0.26074288 0.90196078 0.86274510 0.80000000
v 0.14766889 0.76179970 0.26948848 0.72549020 0.67058824 0.60392157
v 0.19793791 0.94909660 0.26112292 0.92156863 0.89411765 0.86274510
v 0.21715479 0.86101191 0.25889127 0.63137255 0.64313725 0.65882353
v -0.12754790 0.77871963 0.27090620 0.49019608 0.42352941 0.40392157
v 0.02388805 0.74541630 0.27607474 0.57647059 0.47843137 0.40784314
v 0.04553702 1.01051345 0.25303739 0.91372549 0.87058824 0.81176471
v 0.05324251 1.01051345 0.25652680 0.91372549 0.87450980 0.82352941
v 0.04553729 1.01051345 0.25303739 0.91372549 0.87058824 0.81176471
v 0.15272090 0.75732441 0.24656465 0.80784314 0.74901961 0.65098039
v 0.18897418 0.80858212 0.27771141 0.56078431 0.57647059 0.58823529
v 0.22975177 0.86521463 0.24397926 0.62352941 0.63137255 0.64313725
v -0.18834136 0.82388157 0.26506536 0.42745098 0.44313725 0.47450980
v -0.13744475 1.00933843 0.22330041 0.80392157 0.78823529 0.77647059
v 0.04553702 1.01051345 0.25303732 0.91372549 0.87058824 0.81176471
v 0.04242070 1.01821894 0.24533190 0.91764706 0.87843137 0.81960784
v 0.04553702 1.01657540 0.24533190 0.91764706 0.87843137 0.82352941
v 0.11955502 1.00478230 0.25315736 0.94117647 0.91372549 0.87843137
v -0.08967109 1.00852203 0.24809841 0.83529412 0.81176471 0.78431373
v -0.04271576 1.02984082 0.23435006 0.86666667 0.82745098 0.76470588
v 0.02431646 1.03199600 0.23532614 0.91372549 0.87450980 0.81176471
v 0.14157648 1.02145563 0.22591750 0.94901961 0.92156863 0.89411765
v 0.17258034 1.00114448 0.23379093 0.94901961 0.91764706 0.89019608
v 0.22033066 0.97619082 0.22728570 0.91372549 0.89411765 0.87843137
v 0.20719766 0.78954440 0.24537705 0.54509804 0.56862745 0.60392157
v 0.20604795 0.90757600 0.24439980 0.78039216 0.77647059 0.78039216
v -0.17999478 0.93501258 0.24438728 0.59215686 0.58039216 0.56862745
v -0.11588150 0.76338321 0.25640598 0.56470588 0.54117647 0.50196078
v -0.08949336 1.02417347 0.22797409 0.84705882 0.82352941 0.79215686
v 0.04851786 0.74839809 0.24308170 0.75294118 0.68235294 0.60392157
v 0.20636684 0.77329147 0.19865954 0.58039216 0.59215686 0.61176471
v -0.20612878 0.81238097 0.22968971 0.30588235 0.28235294 0.28235294
v -0.20581057 0.85395771 0.24553323 0.47843137 0.45098039 0.43921569
v -0.11400343 0.76210817 0.22383540 0.62352941 0.56862745 0.55686275
v -0.06842994 0.74938096 0.23662130 0.62352941 0.56470588 0.52156863
v 0.02812680 0.75346271 0.22289386 0.78431373 0.70980392 0.64313725
v 0.24650084 0.81105093 0.21396139 0.57254902 0.58039216 0.60392157
v -0.20188826 0.81822570 0.24148018 0.41568627 0.39215686 0.39215686
v -0.18565116 0.98441480 0.21514972 0.67843137 0.66666667 0.65490196
v -0.17588534 0.98233137 0.23053852 0.64705882 0.64313725 0.63529412
v -0.04547240 0.75282643 0.21825716 0.71764706 0.65490196 0.60000000
v -0.03354747 0.74254691 0.22301657 0.71372549 0.65490196 0.59215686
v -0.02677904 1.04886334 0.21175161 0.90196078 0.86666667 0.82352941
v -0.19030739 0.89775836 0.23777085 0.52156863 0.53333333 0.54901961
v -0.16649636 0.77366354 0.19522799 0.51764706 0.51372549 0.50980392
v -0.15740480 1.01985083 0.19953315 0.78039216 0.76078431 0.74117647
v 0.02978519 1.04945046 0.20811228 0.92941176 0.89411765 0.84705882
v 0.07267669 1.02801474 0.22798529 0.92941176 0.89411765 0.85098039
v 0.24669054 0.91050637 0.19179560 0.81176471 0.78431373 0.75686275
v 0.26413606 0.84642430 0.20848876 0.66274510 0.60392157 0.56470588
v -0.23095344 0.84694696 0.20975623 0.53333333 0.33725490 0.25882353
v -0.19917600 0.96610229 0.21600804 0.62352941 0.61176471 0.59607843
v -0.11264292 1.03490279 0.19798320 0.85490196 0.81960784 0.78431373
v 0.08831523 0.75165543 0.21690603 0.81568627 0.74509804 0.66274510
v 0.16003680 0.76200454 0.18673104 0.83921569 0.77254902 0.67843137
v 0.15595171 1.03470637 0.19690888 0.95294118 0.92156863 0.88627451
v 0.22465290 0.93719952 0.23071747 0.87843137 0.85882353 0.84705882
v -0.08556883 0.74485884 0.19887832 0.63921569 0.60392157 0.56862745
v -0.07156046 1.05838841 0.18531216 0.89803922 0.86666667 0.83921569
v -0.07793533 0.75683644 0.19737981 0.63137255 0.60392157 0.55686275
v -0.05366420 0.69881458 0.19767783 0.68235294 0.64705882 0.59607843
v -0.03295892 0.68635571 0.19806521 0.70588235 0.66666667 0.61176471
v 0.04846595 0.75744198 0.19106583 0.81568627 0.75686275 0.67450980
v 0.05505388 0.68500016 0.17315024 0.75686275 0.67843137 0.60000000
v 0.13074816 0.75715303 0.20564386 0.83921569 0.76862745 0.67843137
v 0.18807103 1.01234388 0.20646183 0.95686275 0.92549020 0.89411765
v 0.27746129 0.83849604 0.18309422 0.68235294 0.60000000 0.53333333
v -0.21978490 0.91229082 0.18358522 0.53333333 0.50196078 0.48235294
v -0.21139772 0.97850670 0.18786691 0.69019608 0.65490196 0.62352941
v -0.11392309 0.76622858 0.18263779 0.65882353 0.60784314 0.57254902
v -0.05018512 1.06803863 0.17841320 0.91764706 0.89019608 0.86274510
v 0.01647439 1.06167678 0.19216372 0.94117647 0.90588235 0.86666667
v 0.04169088 1.04501810 0.20786943 0.92941176 0.89411765 0.85098039
v 0.06404015 0.73843597 0.19104519 0.80000000 0.72941176 0.64705882
v 0.06875061 0.75571135 0.18795266 0.80784314 0.74901961 0.65490196
v 0.08882334 0.69112720 0.19664146 0.80392157 0.74901961 0.65098039
v 0.24894143 0.95843335 0.20446726 0.92549020 0.88627451 0.84705882
v -0.23524200 0.88703654 0.18320579 0.65490196 0.48627451 0.36078431
v -0.22443602 0.81265678 0.18601227 0.62352941 0.59607843 0.51764706
v -0.10389146 1.06097629 0.16974453 0.87450980 0.85882353 0.84313725
v 0.11522153 1.05209020 0.19048650 0.95686275 0.92549020 0.89411765
v 0.09161560 0.66802045 0.14829186 0.79607843 0.70196078 0.62352941
v 0.16815657 0.77052306 0.17157398 0.76862745 0.58039216 0.50980392
v 0.21815070 1.02091900 0.16953360 0.94117647 0.90588235 0.86666667
v -0.24938752 0.86868233 0.16831149 0.65490196 0.47058824 0.37647059
v -0.24038388 0.87930376 0.17868260 0.67058824 0.46274510 0.34509804
v -0.22514852 0.98187210 0.16610991 0.66666667 0.63137255 0.59215686
v -0.17598433 0.78707219 0.13009078 0.57647059 0.50196078 0.41568627
v -0.15934072 1.04333792 0.16993535 0.76862745 0.74901961 0.73333333
v -0.10533340 0.70345272 0.16461607 0.59607843 0.58823529 0.58039216
v -0.08182306 0.68859334 0.17170446 0.61960784 0.60000000 0.58431373
v 0.02967906 0.68293000 0.19471179 0.76078431 0.69803922 0.63137255
v 0.07720763 1.05925365 0.18704075 0.94901961 0.91764706 0.88235294
v 0.14341809 0.69657679 0.16642118 0.81960784 0.73725490 0.65882353
v 0.26163171 0.98754388 0.16233330 0.90980392 0.86274510 0.81176471
v -0.12389469 0.74395320 0.15355078 0.59215686 0.52941176 0.50196078
v -0.03909915 1.07775300 0.15554681 0.92156863 0.89019608 0.86274510
v 0.02832387 0.66164753 0.15617676 0.73333333 0.66666667 0.60000000
v 0.05240183 1.07604385 0.14739118 0.95294118 0.92156863 0.89019608
v 0.15003553 1.06278429 0.16328052 0.96470588 0.93725490 0.90588235
v 0.18615633 0.77277472 0.14977149 0.58431373 0.53333333 0.46666667
v 0.19408301 1.03910316 0.16684518 0.94509804 0.90980392 0.87450980
v -0.19549914 1.03735332 0.12925364 0.78039216 0.73333333 0.69803922
v -0.13522453 0.77496441 0.15410363 0.53333333 0.41176471 0.39607843
v -0.09280863 1.07557412 0.13863210 0.89019608 0.87058824 0.85098039
v 0.03193139 1.06980195 0.17354186 0.94509804 0.91764706 0.88235294
v 0.17473962 0.74660239 0.15125259 0.08235294 0.05882353 0.05882353
v 0.25406202 0.80300377 0.17680244 0.58431373 0.53333333 0.49019608
v 0.27231611 0.91457792 0.15073719 0.83921569 0.77254902 0.70588235
v -0.22222360 0.80889602 0.08141472 0.51764706 0.51372549 0.51372549
v -0.16140027 1.05137324 0.14915306 0.80000000 0.78039216 0.76470588
v -0.13979445 1.07099004 0.12329925 0.86666667 0.84705882 0.83529412
v -0.04268439 0.65933807 0.13994730 0.65882353 0.59607843 0.56078431
v 0.15863813 1.07592089 0.11785166 0.96078431 0.93725490 0.90980392
v 0.29681079 0.85721132 0.14056507 0.75686275 0.72156863 0.68627451
v -0.23538058 0.81139816 0.14140106 0.52549020 0.49019608 0.45490196
v -0.08271573 0.68316075 0.13015079 0.54901961 0.49803922 0.45882353
v 0.02311139 1.08500644 0.13916180 0.94509804 0.91372549 0.87843137
v 0.06202360 0.64613430 0.12229181 0.70588235 0.62745098 0.57254902
v 0.14628319 0.72168236 0.12712799 0.81960784 0.67450980 0.56862745
v 0.21644335 0.77860226 0.16036386 0.52549020 0.50588235 0.50196078
v -0.23907753 0.93336868 0.14007592 0.62745098 0.56470588 0.49803922
v -0.14648893 0.77383258 0.13624190 0.55686275 0.49803922 0.45098039
v -0.03505538 1.08485283 0.13114456 0.92549020 0.89411765 0.86274510
v 0.19987264 0.78241362 0.11977306 0.59607843 0.51764706 0.45882353
v 0.27901625 1.00446776 0.10847099 0.94901961 0.91372549 0.87058824
v 0.28713652 0.98204902 0.11568008 0.92549020 0.87843137 0.82352941
v 0.30057422 0.91910511 0.08682919 0.86274510 0.83137255 0.80000000
v -0.22046748 1.03303356 0.10582777 0.79607843 0.74901961 0.70196078
v -0.09396860 0.68641180 0.10991042 0.67843137 0.62352941 0.58431373
v -0.06085613 0.66339599 0.11410113 0.63529412 0.60000000 0.55686275
v 0.02472561 1.09867971 0.10584919 0.94901961 0.92156863 0.89411765
v -0.00625867 0.64569506 0.10824554 0.62352941 0.55294118 0.52941176
v 0.06784922 1.09186959 0.11030133 0.96078431 0.93333333 0.90588235
v 0.21421302 0.79603529 0.09027470 0.59215686 0.54117647 0.49019608
v 0.27802716 0.95678790 0.14195716 0.89411765 0.84313725 0.78431373
v -0.15754621 0.78835945 0.10944639 0.52549020 0.46666667 0.43921569
v 0.04105992 0.64036451 0.11532030 0.71372549 0.65490196 0.59607843
v 0.07117054 0.64751144 0.10677839 0.75686275 0.68235294 0.61568627
v 0.11922797 0.67892648 0.12463281 0.81568627 0.72549020 0.61960784
v 0.08496238 1.07563441 0.15580487 0.96078431 0.92941176 0.89803922
v 0.26229323 0.80337380 0.10860087 0.61176471 0.56862745 0.53333333
v 0.29059142 0.82555805 0.12642476 0.78039216 0.69411765 0.61176471
v -0.26517743 0.86201209 0.13155442 0.56470588 0.49411765 0.43529412
v -0.23031927 0.97458353 0.15735867 0.63137255 0.60392157 0.57254902
v 0.27314093 1.01859361 0.10108026 0.95686275 0.91764706 0.87058824
v -0.26510921 0.91263768 0.09773622 0.57254902 0.52941176 0.47058824
v -0.24286671 0.98825893 0.10567490 0.70980392 0.68235294 0.65098039
v -0.22843129 1.03869990 0.07906679 0.81176471 0.77254902 0.73725490
v -0.13643357 0.74354672 0.09908766 0.58431373 0.54901961 0.50588235
v -0.10379502 0.72077701 0.12813531 0.60392157 0.52156863 0.48627451
v -0.06909502 0.66448237 0.08927856 0.64705882 0.60784314 0.57254902
v -0.05279816 1.09510819 0.10080004 0.92941176 0.90196078 0.88235294
v -0.04197363 0.63464346 0.10732177 0.64705882 0.61176471 0.57647059
v 0.14936425 1.08547921 0.10468746 0.96862745 0.94117647 0.91764706
v 0.22039552 0.77925117 0.08706512 0.60000000 0.55294118 0.50980392
v 0.19759996 1.06552373 0.10587686 0.95686275 0.92941176 0.90588235
v 0.22335534 1.04928160 0.10976760 0.95294118 0.92156863 0.88235294
v -0.25057682 0.95709171 0.07448700 0.65882353 0.61960784 0.58431373
v -0.10840160 1.10005047 0.06260393 0.91764706 0.90196078 0.89411765
v 0.03639005 1.10307027 0.08618867 0.96078431 0.93333333 0.90980392
v 0.07915764 1.10092459 0.09164285 0.96862745 0.94117647 0.91372549
v 0.10484088 0.66743056 0.09242655 0.82352941 0.74901961 0.65490196
v 0.20224458 0.73263086 0.08448451 0.60392157 0.56862745 0.52549020
v 0.31255023 0.87312275 0.07632453 0.80392157 0.78039216 0.76078431
v -0.24953533 0.82333951 0.08855018 0.49803922 0.49803922 0.50588235
v -0.27674111 0.87429657 0.06577203 0.53333333 0.50196078 0.49019608
v -0.25571073 0.93053646 0.09206934 0.58823529 0.54901961 0.52549020
v -0.18128435 0.73273417 0.07912711 0.56470588 0.53725490 0.49803922
v -0.17277392 1.07130096 0.08952381 0.84705882 0.82745098 0.81568627
v -0.11651466 1.08445080 0.10052277 0.89411765 0.87843137 0.87058824
v -0.13624733 0.71691437 0.08109095 0.16078431 0.15686275 0.16862745
v 0.00279904 0.62437944 0.09138165 0.63137255 0.57647059 0.54117647
v 0.13957273 1.10094026 0.06851214 0.97254902 0.94901961 0.92549020
v 0.09880615 0.64224737 0.10149361 0.81176471 0.73725490 0.65490196
v -0.25564545 0.94662269 0.04300531 0.66666667 0.64313725 0.61960784
v -0.18074061 0.80254899 0.08712652 0.54117647 0.49803922 0.46274510
v -0.17538073 0.74439760 0.08020434 0.57254902 0.54117647 0.50196078
v -0.14617601 1.09909237 0.03878116 0.91372549 0.89019608 0.87843137
v -0.10179424 0.68103137 0.08126137 0.64313725 0.60000000 0.57254902
v -0.05536167 1.09906394 0.09181628 0.92941176 0.90980392 0.88627451
v 0.17039090 0.70677547 0.08138381 0.25882353 0.16078431 0.12941176
v 0.23937850 0.80958470 0.05025888 0.67450980 0.63137255 0.60000000
v -0.18778620 0.77006019 0.06572000 0.56470588 0.54509804 0.52941176
v 0.16546179 0.69761287 0.03941136 0.83529412 0.76470588 0.70196078
v 0.29202912 0.93867612 0.05878028 0.93725490 0.89411765 0.85098039
v -0.23200354 1.04909706 0.04218817 0.88235294 0.85882353 0.83921569
v -0.19655882 0.81134934 0.05037078 0.54509804 0.52941176 0.52549020
v -0.10736538 0.65326056 0.04040928 0.65098039 0.61960784 0.61176471
v -0.05039956 0.61931174 0.07898695 0.63137255 0.60392157 0.58823529
v 0.14613473 0.68124506 0.07751445 0.81568627 0.73333333 0.63921569
v 0.16402416 1.10260289 0.04615796 0.97647059 0.95686275 0.93333333
v 0.29162802 0.81886349 0.06032644 0.77254902 0.73725490 0.70980392
v -0.24830160 0.99873685 0.06655867 0.77254902 0.73725490 0.70196078
v -0.19328170 0.71749007 0.05342542 0.54901961 0.55294118 0.55294118
v -0.19748166 0.81534084 0.04348993 0.53725490 0.53333333 0.53333333
v -0.05431016 1.10291152 0.07340601 0.93725490 0.91372549 0.89803922
v 0.03988885 0.61671799 0.08277390 0.73333333 0.67843137 0.61568627
v 0.03862885 1.11433553 0.05139938 0.96470588 0.94509804 0.92941176
v 0.13352613 1.11050980 0.04667985 0.97647059 0.95686275 0.93725490
v 0.24915664 1.04300311 0.08813339 0.96078431 0.92549020 0.88235294
v -0.19504128 0.78589353 0.02519529 0.56078431 0.57254902 0.58823529
v -0.17933373 1.08543752 0.03800718 0.89019608 0.87058824 0.85882353
v -0.11966240 0.69349574 0.03896315 0.63137255 0.58431373 0.57647059
v 0.20096353 1.08743627 0.04639716 0.97254902 0.94901961 0.92549020
v 0.23916328 0.73371150 0.05473693 0.60392157 0.60392157 0.60000000
v 0.29176905 1.02210910 0.03042532 0.97647059 0.94901961 0.92156863
v -0.28296468 0.88915078 0.00974744 0.51764706 0.50980392 0.50980392
v -0.27995115 0.92303697 0.00628244 0.55686275 0.53725490 0.52156863
v -0.20800504 0.81866728 0.00630555 0.52941176 0.54117647 0.55686275
v -0.16485140 0.68948943 0.02115376 0.22352941 0.26274510 0.29803922
v 0.11024242 0.62677648 0.06646720 0.81568627 0.74117647 0.65490196
v 0.14447325 0.64819110 0.01814157 0.84705882 0.77647059 0.69803922
v 0.25086937 0.75077564 0.00950851 0.64313725 0.65490196 0.67450980
v -0.26626588 0.84187343 0.04979583 0.49803922 0.49411765 0.49411765
v -0.19830007 1.07512607 0.00731888 0.89411765 0.88235294 0.87843137
v -0.10134931 1.11144411 0.04289972 0.92549020 0.90980392 0.90196078
v 0.02031330 0.57942011 0.02272799 0.71764706 0.69019608 0.67843137
v -0.03789960 0.49708211 0.02829903 0.52941176 0.53333333 0.55294118
v 0.00012271 0.61256935 0.02667581 0.65882353 0.63921569 0.62352941
v 0.00894426 1.11776117 0.04681194 0.95686275 0.93725490 0.92549020
v 0.08123384 0.51706808 0.02157550 0.57647059 0.56862745 0.54117647
v 0.14854148 0.68464469 0.01017594 0.84705882 0.77647059 0.69411765
v 0.24303491 0.77895508 0.04437029 0.62352941 0.61176471 0.59215686
v -0.26135475 0.95499713 -0.01026402 0.63137255 0.60392157 0.58823529
v -0.24473687 1.03343866 0.03190897 0.88627451 0.85882353 0.83921569
v -0.10896521 0.68100287 0.01848395 0.65098039 0.61960784 0.60784314
v -0.08171416 0.63027864 0.00737440 0.65882353 0.64705882 0.64705882
v -0.04879953 0.55726173 0.01770312 0.64313725 0.64313725 0.65490196
v -0.03797682 1.11034118 0.00875048 0.95294118 0.93333333 0.92156863
v -0.05203585 0.45843402 0.00797512 0.50196078 0.50980392 0.52156863
v 0.00983493 1.12068345 0.01083683 0.97254902 0.95294118 0.94117647
v 0.02458403 0.48150842 0.03377577 0.52549020 0.53333333 0.55294118
v 0.05427863 0.58192707 0.01682213 0.75294118 0.70980392 0.67843137
v 0.12250638 1.11556710 0.00983050 0.97647059 0.96078431 0.94509804
v 0.17406145 1.10398491 0.01912567 0.98039216 0.96078431 0.94117647
v 0.22779909 1.07657771 0.03711565 0.97647059 0.95686275 0.93333333
v 0.30345928 0.83972287 0.00318917 0.81176471 0.79215686 0.78039216
v 0.31912626 0.87083156 0.03683530 0.85490196 0.83529412 0.82352941
v -0.22993576 1.05045545 0.00336540 0.89411765 0.87450980 0.86666667
v -0.17549364 1.09105411 -0.00008571 0.89803922 0.88627451 0.88627451
v -0.12005308 0.68584220 0.00470673 0.62745098 0.59215686 0.58823529
v -0.05962278 0.58118960 0.00743760 0.65490196 0.65098039 0.66274510
v -0.02636459 0.60979540 0.02900258 0.64705882 0.63529412 0.63137255
v -0.02136961 0.44779140 0.01163205 0.49411765 0.50196078 0.51372549
v -0.04578289 0.61577817 0.01580453 0.67450980 0.66666667 0.66274510
v 0.00294757 0.60010442 0.00577644 0.72156863 0.69019608 0.68235294
v 0.05582642 0.48139175 0.02917477 0.54901961 0.55686275 0.58039216
v 0.09806001 0.58705537 0.00036681 0.79607843 0.74901961 0.70588235
v 0.09704069 0.49091261 0.01606518 0.59215686 0.56470588 0.56470588
v 0.11418281 0.52939677 0.00974581 0.43921569 0.43921569 0.41568627
v 0.22074439 1.08495142 0.00926683 0.98431373 0.96470588 0.94509804
v 0.29081626 0.95839301 -0.00162035 0.96078431 0.92941176 0.90196078
v -0.24880064 1.00637785 -0.01546168 0.80392157 0.77647059 0.76078431
v -0.21059994 0.75482865 0.01229054 0.55294118 0.56862745 0.59215686
v -0.14239707 0.50608579 0.00553703 0.52941176 0.53725490 0.56078431
v -0.14297021 0.68843263 -0.00403072 0.38431373 0.41960784 0.45490196
v -0.09502754 0.51733216 0.00701872 0.54117647 0.54509804 0.55294118
v -0.08686676 0.50277839 0.00501900 0.52941176 0.52156863 0.53725490
v -0.03994119 0.60220629 -0.00347630 0.68235294 0.67450980 0.67450980
v 0.01680375 0.60212048 0.00522528 0.73725490 0.70196078 0.69019608
v 0.04371749 0.34851603 -0.00157285 0.47450980 0.47450980 0.47450980
v 0.03622958 0.60172081 0.00960733 0.76470588 0.71764706 0.69411765
v 0.12520493 0.44108910 -0.03259707 0.52941176 0.52549020 0.52941176
v 0.20578619 0.68969407 0.02586969 0.29411765 0.30196078 0.30980392
v -0.24159055 0.83218899 -0.02884158 0.51372549 0.50980392 0.51372549
v -0.23451824 1.05433917 -0.02285378 0.82745098 0.80784314 0.80392157
v -0.19353516 0.72032883 -0.01996750 0.53725490 0.54901961 0.56470588
v -0.17546656 0.51192124 -0.00982550 0.53725490 0.55294118 0.58039216
v -0.00902631 0.34981019 -0.00669305 0.48627451 0.48627451 0.48627451
v 0.01321778 0.36135567 0.00127038 0.48627451 0.48235294 0.48235294
v 0.00320706 0.43315940 0.00004313 0.49411765 0.49411765 0.50196078
v 0.05320447 0.42332111 -0.01030869 0.50196078 0.50588235 0.50980392
v 0.07532171 0.61534299 0.01375739 0.79607843 0.74509804 0.69803922
v 0.13954775 0.54123895 -0.00426962 0.58823529 0.57254902 0.52156863
v 0.17742041 0.67711961 -0.00783203 0.90588235 0.83137255 0.77647059
v 0.21574737 0.69712671 -0.01211790 0.62352941 0.63137255 0.64705882
v 0.26857286 1.05014489 0.03182724 0.97647059 0.95686275 0.93333333
v -0.16881613 0.69558508 -0.00896014 0.55294118 0.56470588 0.58431373
v -0.15503103 0.47724549 -0.00862919 0.50980392 0.52549020 0.55294118
v -0.14512375 0.68076263 -0.01072875 0.30588235 0.34901961 0.40000000
v -0.11214087 0.57492686 -0.01165132 0.65098039 0.65098039 0.66666667
v -0.07068275 1.11631479 0.00554577 0.94901961 0.93333333 0.92549020
v -0.04516087 0.35344893 -0.00659540 0.48627451 0.48627451 0.49019608
v -0.05345620 0.42175563 -0.02134340 0.49019608 0.50196078 0.50980392
v -0.03893536 1.12002059 -0.03667317 0.95294118 0.93725490 0.92549020
v 0.00049749 0.42128025 -0.00995074 0.49411765 0.49803922 0.50588235
v 0.05364859 1.12253403 -0.01184584 0.97254902 0.95686275 0.94117647
v -0.01594171 0.33644247 -0.01372928 0.48627451 0.48235294 0.48627451
v 0.08908340 0.42186786 -0.01462111 0.49803922 0.50980392 0.52941176
v 0.08868842 0.43788296 -0.00746900 0.50980392 0.51764706 0.53333333
v 0.12752865 0.63116276 0.00387138 0.84313725 0.78039216 0.70588235
v 0.19522831 0.51813857 -0.01042382 0.60392157 0.61176471 0.62352941
v 0.15494132 0.56375114 -0.01592419 0.21568627 0.18431373 0.19215686
v 0.22979765 0.78574203 0.00415061 0.61960784 0.63529412 0.65490196
v 0.29631930 0.95927961 0.05719639 0.95294118 0.91372549 0.87450980
v 0.29207888 1.01763589 -0.01052564 0.97647059 0.95686275 0.92549020
v -0.27805633 0.88550662 -0.01954111 0.50980392 0.50588235 0.50196078
v -0.25126717 0.97231241 -0.02478837 0.64313725 0.62352941 0.60784314
v -0.21442594 1.07136192 -0.02702959 0.84705882 0.83137255 0.82745098
v -0.18686375 0.77881761 -0.01085115 0.54509804 0.55686275 0.57647059
v -0.17685924 0.78275827 -0.03493405 0.54509804 0.56078431 0.58431373
v -0.14893906 0.55999910 -0.03973680 0.53333333 0.54117647 0.56078431
v -0.15661633 0.74142344 -0.03545013 0.54117647 0.56078431 0.58823529
v -0.07282772 0.43036724 -0.03034322 0.49019608 0.49803922 0.50980392
v -0.07526036 0.61147104 -0.03179332 0.62352941 0.62352941 0.63137255
v -0.02011426 0.30541636 -0.02912989 0.48235294 0.47843137 0.47843137
v -0.00791012 0.32345013 -0.02278446 0.48235294 0.48235294 0.48235294
v 0.02088732 0.31518014 -0.02049214 0.47843137 0.47843137 0.47843137
v 0.06169546 0.33264648 -0.02301035 0.46274510 0.45490196 0.45098039
v 0.09118926 0.34951984 -0.00809771 0.48235294 0.48235294 0.48235294
v 0.11725622 0.60245523 -0.02653967 0.78823529 0.74117647 0.68627451
v 0.18450531 0.49212196 -0.01937050 0.56862745 0.60000000 0.61960784
v 0.17139218 0.63611070 -0.03542276 0.85882353 0.76078431 0.69411765
v 0.23549583 0.75841051 -0.01685213 0.66274510 0.67843137 0.70588235
v 0.23979672 0.82718898 -0.04020491 0.78431373 0.78823529 0.80000000
v 0.24260008 1.07251163 -0.00361601 0.98431373 0.96470588 0.94509804
v 0.30924485 0.93401163 0.00596900 0.94901961 0.91764706 0.89019608
v 0.31909820 0.91817134 -0.02503926 0.91764706 0.89019608 0.86274510
v -0.27234519 0.87058628 -0.03529867 0.50980392 0.50588235 0.50588235
v -0.17619483 0.49606259 -0.02203454 0.51764706 0.53333333 0.55294118
v -0.17470800 1.09817568 -0.03336591 0.89803922 0.88627451 0.88627451
v -0.12954670 0.46810473 -0.02233777 0.49803922 0.51764706 0.54117647
v -0.07373930 0.60163904 -0.01683773 0.62352941 0.64705882 0.65882353
v -0.09154871 1.12043641 -0.01670498 0.92941176 0.91764706 0.91764706
v -0.06732165 0.37559552 -0.02850463 0.49019608 0.49019608 0.49019608
v -0.06538686 0.34037134 -0.03771471 0.49019608 0.48627451 0.48235294
v -0.00635162 1.12635557 -0.03178035 0.96078431 0.94509804 0.93725490
v 0.12574673 0.39426175 -0.04204734 0.50980392 0.50980392 0.50588235
v 0.13298505 1.11515584 -0.00783506 0.97647059 0.96078431 0.94509804
v 0.15843730 0.59229342 -0.05595538 0.54117647 0.47450980 0.46274510
v 0.17630254 0.46216852 -0.02847577 0.55294118 0.56078431 0.55686275
v 0.18887657 0.70077044 -0.02615463 0.67058824 0.67843137 0.68235294
v 0.19703711 1.10912046 -0.02342615 0.98039216 0.96470588 0.94509804
v 0.21916546 0.77988814 -0.04159205 0.66274510 0.67450980 0.69411765
v 0.22014905 0.72361116 -0.03059160 0.63921569 0.64705882 0.66666667
v 0.27685542 0.97317410 -0.04976313 0.96862745 0.94117647 0.90588235
v 0.29658121 1.00398696 -0.02908029 0.97647059 0.95294118 0.92549020
v -0.24016513 0.82279481 -0.00534672 0.52156863 0.52156863 0.52549020
v -0.21446020 0.44717745 -0.03896722 0.50196078 0.50196078 0.50588235
v -0.16304448 0.75299933 -0.04270440 0.53725490 0.55686275 0.58431373
v -0.14977430 0.45221333 -0.02921603 0.50196078 0.51372549 0.52941176
v -0.12611524 0.64148202 -0.03633906 0.63921569 0.61960784 0.64313725
v -0.09740989 0.47858756 -0.03346642 0.49019608 0.50588235 0.52549020
v -0.08418195 0.62744079 -0.03895959 0.62745098 0.61568627 0.62352941
v -0.06123067 0.31154939 -0.03996078 0.48627451 0.48235294 0.47843137
v 0.04744602 0.26781488 -0.04117768 0.47058824 0.46666667 0.46274510
v 0.11591315 0.35420392 -0.03434651 0.49411765 0.49019608 0.48627451
v 0.14863552 0.46079072 -0.06658229 0.62352941 0.53333333 0.45490196
v 0.14948578 1.11345289 -0.04143241 0.98039216 0.96470588 0.94509804
v 0.28415985 1.04401058 -0.02474080 0.98431373 0.96078431 0.92941176
v -0.19544087 0.49737646 -0.05297859 0.49803922 0.50196078 0.50588235
v -0.19862709 1.07586435 -0.06987249 0.86274510 0.85490196 0.85882353
v -0.18462461 0.50200472 -0.04589025 0.50196078 0.50980392 0.52156863
v -0.18737743 0.78849108 -0.07570357 0.53333333 0.55294118 0.58039216
v -0.21309933 0.42221238 -0.04667353 0.50196078 0.50196078 0.50196078
v -0.14630127 0.68152707 -0.04546614 0.54901961 0.56078431 0.58039216
v -0.12373203 0.63511352 -0.05522842 0.61176471 0.60000000 0.61176471
v -0.00578501 0.23263070 -0.04597291 0.47843137 0.47058824 0.46666667
v -0.00069586 0.27849286 -0.04085834 0.47843137 0.47843137 0.47450980
v 0.02139394 0.22647217 -0.03755135 0.47058824 0.46274510 0.45882353
v 0.06928511 0.28506462 -0.04107711 0.47450980 0.47058824 0.46274510
v 0.09017816 0.23078215 -0.04894156 0.47450980 0.46274510 0.45882353
v 0.10806532 0.33760245 -0.04555845 0.49411765 0.48627451 0.47843137
v 0.11712487 0.61386529 -0.03071025 0.79215686 0.73725490 0.67843137
v 0.12980471 0.42725552 -0.04822503 0.55294118 0.52549020 0.50980392
v 0.14191987 0.50522109 -0.02188240 0.58431373 0.56078431 0.54117647
v 0.22848726 0.50926542 -0.05862089 0.56470588 0.57254902 0.58431373
v 0.23591846 0.44560082 -0.04467132 0.53333333 0.54117647 0.54509804
v 0.23729220 0.52559681 -0.06514089 0.57647059 0.58039216 0.59215686
v 0.23851289 0.47407285 -0.05107891 0.54117647 0.54901961 0.55686275
v 0.27689054 0.82109754 -0.01465839 0.78431373 0.78039216 0.78431373
v 0.28920515 1.03375024 -0.04184550 0.98039216 0.96078431 0.92941176
v -0.27002241 0.93279706 -0.04944235 0.56862745 0.54901961 0.53725490
v -0.19970738 0.82776549 -0.03143638 0.52941176 0.53333333 0.54509804
v -0.14953072 0.43736400 -0.07450149 0.49411765 0.49019608 0.49803922
v -0.13854077 0.76201087 -0.07680581 0.16078431 0.20000000 0.29803922
v -0.09057975 0.37681292 -0.04074584 0.49019608 0.48627451 0.49019608
v -0.08245249 0.40976899 -0.03785209 0.49803922 0.49411765 0.49803922
v -0.06946203 0.32267826 -0.04184991 0.48627451 0.48627451 0.48235294
v -0.01044368 0.22085736 -0.05554292 0.47450980 0.46666667 0.46274510
v 0.11417646 1.12785917 -0.05142953 0.97647059 0.96078431 0.94901961
v 0.09390243 0.32463484 -0.03937542 0.48235294 0.47843137 0.47450980
v 0.17715867 0.66363274 -0.04858608 0.43921569 0.37254902 0.36862745
v 0.19135599 0.44822067 -0.04412829 0.54117647 0.54117647 0.53725490
v 0.23951493 1.08596934 -0.05203890 0.98823529 0.97254902 0.95294118
v 0.30750993 0.91945463 -0.09440687 0.91764706 0.89019608 0.87058824
v -0.17885673 0.54230555 -0.07420947 0.49803922 0.50196078 0.51372549
v -0.12648187 0.58831718 -0.05758575 0.55294118 0.53333333 0.54117647
v -0.12962782 1.10651853 -0.01558841 0.91764706 0.90588235 0.90196078
v -0.10766479 1.12336154 -0.06775784 0.92549020 0.91372549 0.91764706
v -0.09418927 0.33909102 -0.06450290 0.48627451 0.48627451 0.48235294
v -0.05542905 0.25891802 -0.05093015 0.48627451 0.47843137 0.47058824
v -0.03483764 0.22235094 -0.04237847 0.47450980 0.46666667 0.46274510
v 0.02472807 1.13458432 -0.04083673 0.97647059 0.95686275 0.94117647
v 0.07259105 1.13243576 -0.05607289 0.97647059 0.96078431 0.94901961
v 0.14318516 0.34202134 -0.07640716 0.51372549 0.50588235 0.49411765
v 0.15027043 0.44844293 -0.07594153 0.60000000 0.51764706 0.46274510
v 0.17015462 0.62348890 -0.05791305 0.73725490 0.65098039 0.58431373
v 0.20889696 1.10410879 -0.03036558 0.98431373 0.96470588 0.94509804
v 0.19406369 0.56058178 -0.06044512 0.61960784 0.59215686 0.56470588
v 0.21467798 0.41458504 -0.06011436 0.54117647 0.53333333 0.51764706
v 0.26536631 0.44790413 -0.05649707 0.53333333 0.53333333 0.54117647
v 0.30234806 0.84665993 -0.03413817 0.82352941 0.80392157 0.79215686
v -0.25819277 0.85348848 -0.04731272 0.50980392 0.50980392 0.50980392
v -0.27071666 0.91162802 -0.06972762 0.53333333 0.52156863 0.51372549
v -0.22937723 1.01177357 -0.07765473 0.72941176 0.70588235 0.69411765
v -0.19357478 0.83956281 -0.06893859 0.55294118 0.56862745 0.58823529
v -0.11050958 0.44981723 -0.07715055 0.49803922 0.48235294 0.48627451
v 0.15551618 0.23077713 -0.09399423 0.48627451 0.47058824 0.45490196
v 0.11596817 0.22798340 -0.06957910 0.48627451 0.47058824 0.45882353
v 0.11280455 0.27761980 -0.05951288 0.49411765 0.48235294 0.47058824
v 0.21997243 0.78577857 -0.08409213 0.68627451 0.69411765 0.70196078
v 0.23095096 0.80856460 -0.03296956 0.72156863 0.73333333 0.75294118
v 0.29314398 0.87137787 -0.10392767 0.89019608 0.85490196 0.82745098
v -0.24993469 0.43940789 -0.09334233 0.49803922 0.49411765 0.49411765
v -0.22817174 0.46713444 -0.08469755 0.49803922 0.49803922 0.49803922
v -0.23404091 0.98780924 -0.07154227 0.67843137 0.65490196 0.64313725
v -0.18771331 0.40777906 -0.07700314 0.49019608 0.49411765 0.49803922
v -0.20147020 0.52144904 -0.07249821 0.49411765 0.49803922 0.50196078
v -0.11420074 0.41179170 -0.07447169 0.49411765 0.48627451 0.48627451
v -0.12058685 0.31901839 -0.08267683 0.49411765 0.48235294 0.48235294
v -0.10627051 0.23867005 -0.07266383 0.47450980 0.47058824 0.46666667
v -0.11737429 0.61903583 -0.08280750 0.43921569 0.46274510 0.52941176
v -0.07850644 0.22840363 -0.06547813 0.47843137 0.47058824 0.46666667
v 0.14438036 0.23650274 -0.07688919 0.48235294 0.47058824 0.46274510
v 0.13560633 0.60936192 -0.05130447 0.70588235 0.61960784 0.55294118
v 0.19621261 0.73547762 -0.05115576 0.62745098 0.63529412 0.64313725
v 0.19873329 0.76144551 -0.05475644 0.65490196 0.66274510 0.67058824
v 0.23877104 0.39549846 -0.08145043 0.55294118 0.55294118 0.54901961
v 0.27409198 1.03956672 -0.09201930 0.98039216 0.95686275 0.92156863
v -0.23060254 0.85560334 -0.09383063 0.50980392 0.50980392 0.50980392
v -0.21655776 1.04585737 -0.08592791 0.76862745 0.74509804 0.73725490
v -0.14542224 0.63238341 -0.08222043 0.55686275 0.56862745 0.64313725
v -0.12050410 0.35870964 -0.07005829 0.49019608 0.48627451 0.48235294
v -0.09924385 0.60098790 -0.08275996 0.41176471 0.43137255 0.48235294
v 0.05578788 0.22502093 -0.05114000 0.47843137 0.46666667 0.45882353
v 0.18006839 0.70807851 -0.12741798 0.90588235 0.84313725 0.81568627
v 0.23923259 1.08114773 -0.07863924 0.98431373 0.96862745 0.94509804
v 0.22651409 0.84998231 -0.10043591 0.74901961 0.73725490 0.73725490
v 0.31105615 0.88035307 -0.06981994 0.90980392 0.88235294 0.85882353
v 0.28938854 0.38789923 -0.08125774 0.58039216 0.56862745 0.55686275
v -0.26602032 0.39065519 -0.08267148 0.50196078 0.49803922 0.49803922
v -0.26215322 0.89459161 -0.10122077 0.53725490 0.52941176 0.52549020
v -0.25970177 0.94321668 -0.08480595 0.58823529 0.56862745 0.56078431
v -0.24969846 0.95854214 -0.09551765 0.61960784 0.59607843 0.58823529
v -0.22527826 0.38524985 -0.08219374 0.49803922 0.49803922 0.49803922
v -0.20099117 0.47571053 -0.10711936 0.49411765 0.49803922 0.50196078
v -0.18801184 0.84471673 -0.10121397 0.55294118 0.56862745 0.58823529
v -0.15809603 0.66823509 -0.07662667 0.50196078 0.54901961 0.63529412
v -0.13687077 1.10317383 -0.09531801 0.91764706 0.90196078 0.90196078
v -0.10341320 0.33453818 -0.06645637 0.48627451 0.48235294 0.48235294
v -0.13445389 0.39605090 -0.10681564 0.48235294 0.47058824 0.47843137
v -0.12553238 0.46564287 -0.07184858 0.50588235 0.48627451 0.48627451
v -0.08852980 1.12975826 -0.12013964 0.93333333 0.92549020 0.92549020
v -0.02525035 1.13436073 -0.10259196 0.96078431 0.94901961 0.93725490
v -0.00758937 0.22416453 -0.08572306 0.47450980 0.45882353 0.45098039
v 0.17063895 0.60492246 -0.09310654 0.73333333 0.67843137 0.63921569
v 0.18160085 1.11133801 -0.10083748 0.98039216 0.96470588 0.94901961
v 0.20869246 1.10683747 -0.07874343 0.98431373 0.96470588 0.94901961
v 0.28144377 1.00797620 -0.07300572 0.97647059 0.94901961 0.91764706
v 0.27351172 0.84281513 -0.09208280 0.82352941 0.80000000 0.78039216
v 0.33590124 0.36334514 -0.08123583 0.58823529 0.57647059 0.56470588
v 0.29939942 0.94334745 -0.08247961 0.94509804 0.91372549 0.88235294
v -0.21723879 0.38555892 -0.12019282 0.49411765 0.49411765 0.49803922
v -0.21589948 1.03650566 -0.09572558 0.73725490 0.71764706 0.70980392
v -0.21001996 0.84765193 -0.10116339 0.51372549 0.51372549 0.51764706
v -0.17302614 0.81138492 -0.12599735 0.54901961 0.56078431 0.57647059
v -0.06315204 1.13494144 -0.06721360 0.94901961 0.93333333 0.92941176
v 0.02518406 0.22951435 -0.11948831 0.48235294 0.45882353 0.45098039
v 0.20132802 0.42266252 -0.10210699 0.52549020 0.50588235 0.49411765
v 0.22472137 1.09256238 -0.08566927 0.98431373 0.96470588 0.94117647
v 0.35074604 0.36815265 -0.12280997 0.60784314 0.59215686 0.58039216
v -0.28583444 0.36467168 -0.10716043 0.49803922 0.49411765 0.49019608
v -0.23277831 0.98621078 -0.09764186 0.65490196 0.63529412 0.62745098
v -0.21484894 0.99714362 -0.11201749 0.69411765 0.67843137 0.67450980
v -0.18121082 0.51827421 -0.10750991 0.48627451 0.49411765 0.50980392
v -0.15350796 0.78565046 -0.11317105 0.55686275 0.57647059 0.61176471
v -0.12216775 0.27221839 -0.10031387 0.49411765 0.48235294 0.47058824
v -0.12218731 1.09985605 -0.12908259 0.90980392 0.89411765 0.89019608
v -0.02803648 0.21799001 -0.10842863 0.47058824 0.45882353 0.45098039
v 0.04713430 0.21711611 -0.10848201 0.47843137 0.45882353 0.44705882
v 0.07351332 1.13878981 -0.08055753 0.97254902 0.95686275 0.94509804
v 0.11918563 1.13369154 -0.08666797 0.97647059 0.96078431 0.94901961
v 0.14888851 0.59357971 -0.10339582 0.76470588 0.70588235 0.67058824
v 0.15224309 0.27642021 -0.08496847 0.50980392 0.49803922 0.48235294
v 0.18345103 0.44870156 -0.09982782 0.55294118 0.52156863 0.49411765
v 0.22755692 0.52381814 -0.10490280 0.57647059 0.58823529 0.60392157
v 0.22593563 1.07874129 -0.10836722 0.98039216 0.96470588 0.94509804
v 0.26279427 0.47193780 -0.09347141 0.57254902 0.57254902 0.57647059
v 0.34811909 0.33077784 -0.09529536 0.61568627 0.61176471 0.60392157
v -0.24547151 0.35600157 -0.12324723 0.49411765 0.49411765 0.49803922
v -0.22624861 0.45500516 -0.11763862 0.49803922 0.49803922 0.50196078
v -0.23954373 0.88546604 -0.12501916 0.52941176 0.52549020 0.52941176
v -0.16162897 0.44276703 -0.10507045 0.47450980 0.47450980 0.47843137
v -0.16085215 0.46778164 -0.11616138 0.46666667 0.46666667 0.47450980
v -0.17666688 0.49699844 -0.10867948 0.49019608 0.49411765 0.50588235
v -0.10563464 0.58872749 -0.11452161 0.50196078 0.52941176 0.57254902
v -0.04137082 0.17709174 -0.11954936 0.46666667 0.45490196 0.45882353
v 0.04543867 1.15000000 -0.12001628 0.97254902 0.95294118 0.94117647
v 0.14877406 1.11401310 -0.10376315 0.98039216 0.96078431 0.94509804
v 0.13926217 0.23771554 -0.11098693 0.49411765 0.46666667 0.45098039
v 0.17597222 0.37600905 -0.13655582 0.59215686 0.50588235 0.45882353
v 0.19926806 1.09360877 -0.12108167 0.98039216 0.96078431 0.93725490
v 0.21024235 0.49407829 -0.12397960 0.55686275 0.54509804 0.53333333
v 0.26469313 0.38897443 -0.13335378 0.50588235 0.50980392 0.52156863
v 0.26653751 0.98566124 -0.08922169 0.96470588 0.93725490 0.90196078
v 0.29823341 0.43074376 -0.10515899 0.58039216 0.56862745 0.56078431
v 0.28464384 0.89190734 -0.12656352 0.90196078 0.87450980 0.85098039
v 0.30660855 0.42135317 -0.10048256 0.58823529 0.57647059 0.56470588
v 0.34323335 0.30526460 -0.11064898 0.60392157 0.58823529 0.57254902
v -0.19852402 0.45439014 -0.12182963 0.48627451 0.48627451 0.49411765
v -0.18172842 1.07600157 -0.10748380 0.88235294 0.87450980 0.87843137
v -0.19372728 1.04610230 -0.12908437 0.83137255 0.81960784 0.81960784
v -0.15310399 0.49475235 -0.13796165 0.49411765 0.46274510 0.44313725
v -0.15410592 0.54337798 -0.11001828 0.49411765 0.48627451 0.49411765
v -0.13456622 0.35125175 -0.10935941 0.50588235 0.48627451 0.48235294
v -0.11789567 0.61343131 -0.10309422 0.49019608 0.50588235 0.57647059
v -0.14658371 0.72912062 -0.09349547 0.61568627 0.63921569 0.75294118
v -0.13917378 0.75874304 -0.13445518 0.53725490 0.55294118 0.57254902
v -0.08111066 0.22149294 -0.11307556 0.47450980 0.46274510 0.45098039
v -0.03771228 1.12276045 -0.13583499 0.94901961 0.93725490 0.92549020
v -0.00738099 1.14205049 -0.13227144 0.96078431 0.94509804 0.93333333
v 0.08135741 0.20599236 -0.11133884 0.47450980 0.46274510 0.45490196
v 0.06345949 1.14010125 -0.13715133 0.96862745 0.94901961 0.93725490
v 0.08101770 0.15810551 -0.12862107 0.49019608 0.47058824 0.46274510
v 0.10859910 0.21911215 -0.11091017 0.48235294 0.46666667 0.45098039
v 0.16202139 0.40746033 -0.08797836 0.52941176 0.50196078 0.47843137
v 0.16176922 0.34476014 -0.10615344 0.56862745 0.50980392 0.46666667
v 0.16317949 1.10028646 -0.12667801 0.97647059 0.95686275 0.93725490
v 0.17590450 0.76740050 -0.08327923 0.58823529 0.57647059 0.54509804
v 0.18430009 0.46582032 -0.12201905 0.59215686 0.52156863 0.47058824
v 0.22380725 0.52502827 -0.11271617 0.56862745 0.58431373 0.60392157
v 0.19750498 0.66090303 -0.07993014 0.83137255 0.77647059 0.73725490
v 0.23297119 0.42357176 -0.12665449 0.52941176 0.53333333 0.54901961
v 0.22652946 0.82446878 -0.11567043 0.73333333 0.73725490 0.75294118
v 0.24077985 0.86047615 -0.13473506 0.77647059 0.76862745 0.76862745
v 0.25446877 0.99322317 -0.11390184 0.97254902 0.94901961 0.92156863
v 0.29416926 0.40209631 -0.14306224 0.56862745 0.56078431 0.55686275
v -0.23884934 0.94069505 -0.13854466 0.67450980 0.66274510 0.65490196
v -0.21095595 0.44638945 -0.12924310 0.49019608 0.49019608 0.49411765
v -0.17974781 0.85506808 -0.13732562 0.54509804 0.54509804 0.54901961
v -0.17042568 1.06097118 -0.12903825 0.86666667 0.85490196 0.85882353
v -0.12043373 0.23530676 -0.10852867 0.48235294 0.46274510 0.45490196
v -0.14538092 0.23634399 -0.13678480 0.48627451 0.48235294 0.48627451
v -0.11751144 0.52502823 -0.13501949 0.28627451 0.21960784 0.21960784
v -0.09162955 0.17791333 -0.12634977 0.47058824 0.45882353 0.45882353
v -0.11703930 0.58306095 -0.10454617 0.49411765 0.50588235 0.54901961
v 0.10489607 1.12855092 -0.11872294 0.97647059 0.96078431 0.94901961
v 0.13810605 0.57972740 -0.12804580 0.77254902 0.70196078 0.64705882
v 0.16954923 0.28925102 -0.12095332 0.53333333 0.51372549 0.49803922
v 0.18753998 0.61664361 -0.11334198 0.84313725 0.77647059 0.72941176
v 0.16410568 0.53504190 -0.14971404 0.63137255 0.43137255 0.31764706
v 0.23137338 0.47625998 -0.12366822 0.55294118 0.56078431 0.57254902
v 0.25355776 0.44498403 -0.13174524 0.52156863 0.52549020 0.53333333
v 0.28659598 0.93778157 -0.12621620 0.95294118 0.92549020 0.89803922
v 0.32806663 0.32944248 -0.12481250 0.59215686 0.58823529 0.58039216
v -0.25132312 0.42568607 -0.13595116 0.49019608 0.49411765 0.49803922
v -0.21921004 0.42405167 -0.14159779 0.46274510 0.46274510 0.47450980
v -0.22674477 0.97338892 -0.13150233 0.67058824 0.64313725 0.63137255
v -0.17008580 0.84858771 -0.13174422 0.55686275 0.55294118 0.55686275
v -0.12445470 0.50988709 -0.13663851 0.32549020 0.25098039 0.25490196
v -0.14016834 0.31634657 -0.13023239 0.49803922 0.48235294 0.48627451
v -0.14062321 0.35110340 -0.15545787 0.47058824 0.45490196 0.45882353
v -0.14652610 0.68275279 -0.12078033 0.61960784 0.64705882 0.73333333
v -0.14510877 1.08627535 -0.11339293 0.89803922 0.88235294 0.87843137
v -0.11326780 0.22355172 -0.13322624 0.47843137 0.47058824 0.47058824
v -0.08790683 0.12370642 -0.13823323 0.47450980 0.46666667 0.46666667
v -0.01716213 0.12010960 -0.15524393 0.47450980 0.45882353 0.45490196
v 0.03734837 0.20967016 -0.14205458 0.49411765 0.47058824 0.47843137
v 0.11842975 1.11986578 -0.13987322 0.96862745 0.94901961 0.93725490
v 0.15026272 0.60612072 -0.12181058 0.81176471 0.74117647 0.70588235
v 0.17013749 0.55755073 -0.12838155 0.79215686 0.64313725 0.54509804
v 0.15973769 0.47368376 -0.14091353 0.63921569 0.46274510 0.38039216
v 0.16748767 0.73080466 -0.12421345 0.91372549 0.84705882 0.81960784
v 0.19104005 0.64352585 -0.12436186 0.85882353 0.80000000 0.75686275
v 0.23144089 1.06523927 -0.12119144 0.98039216 0.96078431 0.94117647
v 0.25779558 0.97273557 -0.13188529 0.95686275 0.93333333 0.90980392
v 0.26960923 0.95870425 -0.13308379 0.95294118 0.93333333 0.90980392
v 0.26240211 0.37903486 -0.11977197 0.54509804 0.54901961 0.55686275
v 0.27763815 0.93450314 -0.14846970 0.93725490 0.91372549 0.89411765
v 0.29566746 0.34584880 -0.12117814 0.57254902 0.56078431 0.55294118
v 0.36243702 0.34220559 -0.15537707 0.58823529 0.58431373 0.58039216
v -0.30176496 0.36699868 -0.15512799 0.49411765 0.49019608 0.48627451
v -0.28165883 0.40316690 -0.11963321 0.50196078 0.49803922 0.49803922
v -0.22979088 0.95442989 -0.14531815 0.70588235 0.68235294 0.66666667
v -0.22801800 0.40041966 -0.15328511 0.46666667 0.47058824 0.47843137
v -0.13881172 0.67875830 -0.15300905 0.59607843 0.63137255 0.69019608
v -0.13472472 0.41741125 -0.14281384 0.46666667 0.45490196 0.45882353
v -0.11518399 0.18091839 -0.14373604 0.45098039 0.45098039 0.45098039
v -0.01370571 1.13155038 -0.14764092 0.95294118 0.93725490 0.92941176
v -0.00901370 0.21253862 -0.12582943 0.47450980 0.45882353 0.45490196
v 0.13686948 0.18066710 -0.13502252 0.50196078 0.47843137 0.47058824
v 0.17978071 0.77793182 -0.13180934 0.58039216 0.59607843 0.59607843
v 0.16712013 0.36185041 -0.08498311 0.53333333 0.52156863 0.50980392
v 0.19611183 0.50360693 -0.14365985 0.72156863 0.63137255 0.56470588
v 0.23707082 1.03606097 -0.14276846 0.96862745 0.94117647 0.90588235
v 0.33344363 0.39066548 -0.14183842 0.60784314 0.59607843 0.58431373
v -0.27092303 0.33396797 -0.15722098 0.49411765 0.49411765 0.49411765
v -0.26550763 0.40137327 -0.15382704 0.48235294 0.48235294 0.49019608
v -0.24967571 0.35068947 -0.16510198 0.48627451 0.49019608 0.50196078
v -0.20691425 0.99262971 -0.13683790 0.73725490 0.71372549 0.69803922
v -0.18513303 1.01710484 -0.15304237 0.80784314 0.77647059 0.75294118
v -0.14055264 1.07385848 -0.15223970 0.87843137 0.86666667 0.86666667
v -0.14646468 0.28899987 -0.13452999 0.49411765 0.48627451 0.48627451
v -0.15056377 0.62577676 -0.14109263 0.57254902 0.60392157 0.66274510
v -0.12891763 0.80251963 -0.13738866 0.52549020 0.54901961 0.58431373
v -0.12899866 0.19842441 -0.15830676 0.45882353 0.45098039 0.45098039
v -0.09109887 0.56913943 -0.13717388 0.53333333 0.47843137 0.46666667
v -0.03599306 1.10690503 -0.16711618 0.94509804 0.92156863 0.89411765
v 0.04208106 0.16333767 -0.15264998 0.47058824 0.44705882 0.44313725
v 0.04078237 1.13473666 -0.15961911 0.96862745 0.94901961 0.93333333
v 0.08952834 0.12068573 -0.13401616 0.50196078 0.48235294 0.47450980
v 0.11412743 1.11456068 -0.14737231 0.96862745 0.94901961 0.93333333
v 0.15451066 0.22919485 -0.16192752 0.52156863 0.49411765 0.47450980
v 0.17333013 0.23805565 -0.13302994 0.51764706 0.50588235 0.49803922
v 0.17329564 0.31223562 -0.17556878 0.52156863 0.49411765 0.50196078
v 0.18087024 0.64040724 -0.15878948 0.84705882 0.79607843 0.77254902
v 0.17637272 0.49904980 -0.15791942 0.67843137 0.50196078 0.39215686
v 0.17420895 0.62314366 -0.16089021 0.81960784 0.78431373 0.75686275
v 0.20291446 0.79960241 -0.14098533 0.61176471 0.61568627 0.61960784
v 0.23297705 0.99175196 -0.14896075 0.96078431 0.92941176 0.89411765
v 0.34357402 0.30665844 -0.15897214 0.59215686 0.58039216 0.56470588
v 0.36958512 0.31123978 -0.13134016 0.61960784 0.61568627 0.61176471
v -0.26292849 0.37396698 -0.16989477 0.49019608 0.48627451 0.49019608
v -0.22117348 0.94276460 -0.16548247 0.67843137 0.65490196 0.63921569
v -0.16292936 1.04594372 -0.16809172 0.83529412 0.80392157 0.78039216
v -0.13487348 0.62654092 -0.19110719 0.52156863 0.48627451 0.51764706
v -0.14010545 0.24224420 -0.16091879 0.47450980 0.45490196 0.45098039
v -0.13551483 0.37947440 -0.18839938 0.11372549 0.12549020 0.14509804
v -0.12655396 0.78192443 -0.16703927 0.55294118 0.56470588 0.57254902
v -0.12680970 0.23017832 -0.16172428 0.47450980 0.45882353 0.45882353
v -0.11967744 0.71194243 -0.15001653 0.67450980 0.69019608 0.74509804
v -0.07898472 0.55346649 -0.15691373 0.50980392 0.41568627 0.36078431
v -0.09179724 1.11285518 -0.14782482 0.91764706 0.90588235 0.89803922
v -0.06604295 0.11139740 -0.13752784 0.48235294 0.47450980 0.47450980
v 0.04079912 0.11698946 -0.17066824 0.48627451 0.46666667 0.46274510
v 0.15940345 1.09086730 -0.15724440 0.97254902 0.94901961 0.92549020
v 0.12800447 0.56046406 -0.15069325 0.70588235 0.52941176 0.42745098
v 0.15640491 0.44523565 -0.14474807 0.63921569 0.41176471 0.36078431
v 0.14322444 0.48849947 -0.15701294 0.67843137 0.53333333 0.43921569
v 0.16935751 0.34330453 -0.13425716 0.57254902 0.49803922 0.46274510
v 0.18753620 0.85975537 -0.14814821 0.64313725 0.63921569 0.63137255
v 0.19996296 0.82068888 -0.16293949 0.58039216 0.59215686 0.60000000
v 0.21017185 1.04374793 -0.17327696 0.96862745 0.93725490 0.89803922
v 0.25353765 0.88847879 -0.16174861 0.90196078 0.85882353 0.81568627
v 0.31204568 0.32860859 -0.17130776 0.59607843 0.58431373 0.57647059
v 0.33048130 0.35344092 -0.16942653 0.58823529 0.57647059 0.56862745
v 0.34785813 0.34867887 -0.16167011 0.58431373 0.57647059 0.56470588
v -0.20203348 0.99328083 -0.15102139 0.77254902 0.74509804 0.72549020
v -0.18736382 0.87658470 -0.17321932 0.56470588 0.54901961 0.53725490
v -0.15226821 0.79420499 -0.15632095 0.51372549 0.52549020 0.54117647
v -0.14723021 0.29963035 -0.17157725 0.43529412 0.43137255 0.45098039
v -0.14018720 0.84052026 -0.17011518 0.51372549 0.52156863 0.53333333
v -0.12124130 0.43578908 -0.16356026 0.33725490 0.26274510 0.25882353
v -0.11446961 0.59688220 -0.16065978 0.50196078 0.50980392 0.54117647
v -0.12393289 0.68644008 -0.17011576 0.54509804 0.55686275 0.60784314
v -0.11655954 0.57185646 -0.17631193 0.45490196 0.38039216 0.34117647
v -0.10928026 0.46248803 -0.20719541 0.44705882 0.36862745 0.35686275
v -0.12519252 0.46813092 -0.12520727 0.43529412 0.40392157 0.39215686
v -0.09733817 0.48956917 -0.17194396 0.49019608 0.35686275 0.31764706
v -0.06242998 1.09560571 -0.18710494 0.93725490 0.90980392 0.87843137
v 0.07552128 0.10704459 -0.16798895 0.49019608 0.47450980 0.47450980
v 0.10447594 0.54708556 -0.16095751 0.71372549 0.54901961 0.42745098
v 0.10229702 1.09509542 -0.17180848 0.97254902 0.94509804 0.91764706
v 0.16122701 0.11242704 -0.18963709 0.51372549 0.50196078 0.49803922
v 0.14743857 0.57597853 -0.16744322 0.79215686 0.67058824 0.54117647
v 0.15954350 0.71493189 -0.14767512 0.94117647 0.87450980 0.81568627
v 0.17315189 0.36630759 -0.16882864 0.45098039 0.42745098 0.41176471
v 0.16761576 0.86031479 -0.16728338 0.60000000 0.61568627 0.62352941
v 0.20497587 0.82700943 -0.15684220 0.58823529 0.59607843 0.60000000
v 0.19094070 0.81969041 -0.16889970 0.59215686 0.60392157 0.61176471
v 0.25868476 0.92831501 -0.17752400 0.93725490 0.89411765 0.84705882
v 0.28350593 0.33693256 -0.17847862 0.56078431 0.55294118 0.54117647
v -0.20955194 0.90493155 -0.17240584 0.56862745 0.55686275 0.54509804
v -0.18591165 1.00485513 -0.17915704 0.80784314 0.76862745 0.73333333
v -0.18031751 1.01891242 -0.16974198 0.82352941 0.78431373 0.75294118
v -0.15606844 1.01465960 -0.20519130 0.79215686 0.78039216 0.77254902
v -0.14768552 0.36154973 -0.15383399 0.45098039 0.43529412 0.43921569
v -0.12168999 0.86802335 -0.17984950 0.54901961 0.54901961 0.54901961
v -0.11854860 1.06958301 -0.17532101 0.89411765 0.88235294 0.87843137
v -0.12671289 0.11498096 -0.17636288 0.48235294 0.47843137 0.48235294
v -0.09608865 1.08286528 -0.16526233 0.91764706 0.89803922 0.88235294
v -0.06391993 0.54672579 -0.17032436 0.51372549 0.38039216 0.31372549
v -0.06452168 0.10697081 -0.16110360 0.48235294 0.47058824 0.46666667
v -0.00828368 0.16876844 -0.14818748 0.47058824 0.45490196 0.45098039
v 0.00353863 1.11800328 -0.18136207 0.96078431 0.93725490 0.91764706
v 0.03392189 0.18175104 -0.18677239 0.48627451 0.44313725 0.45098039
v 0.02613813 0.22138114 -0.17196415 0.46666667 0.41960784 0.41960784
v 0.06261000 1.11979261 -0.16675993 0.96862745 0.94901961 0.93333333
v 0.14352613 0.85060221 -0.16952062 0.60000000 0.58431373 0.57647059
v 0.14121123 0.43391164 -0.17167802 0.62745098 0.47450980 0.40784314
v 0.14578103 0.69098010 -0.17962405 0.83137255 0.66666667 0.53333333
v 0.14740365 0.13322248 -0.15939537 0.50588235 0.49019608 0.47843137
v 0.15059964 0.22493255 -0.13777409 0.51764706 0.50980392 0.50588235
v 0.16371461 0.80283926 -0.16182284 0.60000000 0.60392157 0.61176471
v 0.16875949 0.25643425 -0.17045432 0.54117647 0.49411765 0.46666667
v 0.16598117 0.67580460 -0.17045036 0.87450980 0.78431373 0.70196078
v 0.15369723 0.80697356 -0.16673302 0.59215686 0.60392157 0.61176471
v 0.16670232 1.06971022 -0.17092081 0.96862745 0.94901961 0.92549020
v 0.16168928 0.22964030 -0.18579834 0.50196078 0.45490196 0.44313725
v 0.16644352 0.35478940 -0.19394140 0.03137255 0.03137255 0.03921569
v 0.29443068 0.35525852 -0.18659171 0.53333333 0.52941176 0.52549020
v -0.13168903 0.14979014 -0.18617498 0.45882353 0.44705882 0.44705882
v -0.11655569 0.81852251 -0.17284274 0.53725490 0.54509804 0.56078431
v 0.03239955 1.11209327 -0.18737627 0.96470588 0.94117647 0.91764706
v 0.08793511 0.05427495 -0.18379341 0.49803922 0.49411765 0.49803922
v 0.13280678 0.50392352 -0.17745975 0.70588235 0.54117647 0.43921569
v 0.13335587 1.07802316 -0.18115532 0.97254902 0.94901961 0.92549020
v 0.16002223 0.87750544 -0.19930572 0.74509804 0.71764706 0.69411765
v 0.18653473 1.06457106 -0.17437911 0.96862745 0.94509804 0.92156863
v 0.22336288 0.87872128 -0.17467344 0.86274510 0.83137255 0.80000000
v 0.22281867 0.90784609 -0.19642503 0.89411765 0.85098039 0.80784314
v 0.24923613 0.94203199 -0.18042185 0.95686275 0.91372549 0.86274510
v -0.25280872 0.34300954 -0.18159920 0.49019608 0.48627451 0.49019608
v -0.19208320 0.93244325 -0.19749741 0.65490196 0.62352941 0.60000000
v -0.13168915 0.14740977 -0.19387786 0.46666667 0.45490196 0.45882353
v -0.13572398 0.18239346 -0.17436083 0.45490196 0.44313725 0.43529412
v -0.12596273 0.23157140 -0.19248736 0.46666667 0.43137255 0.43529412
v -0.12160298 0.42533790 -0.20998766 0.34509804 0.34509804 0.33725490
v -0.08830843 1.07488563 -0.19360988 0.91372549 0.89803922 0.88627451
v -0.06612602 0.50563762 -0.21111294 0.53725490 0.44313725 0.40392157
v -0.05631743 0.53499022 -0.18649578 0.51372549 0.38823529 0.32156863
v -0.05540784 0.05008881 -0.18473917 0.48235294 0.48235294 0.49019608
v -0.00381520 1.08342735 -0.21432317 0.94901961 0.92156863 0.89411765
v 0.00462437 1.08901805 -0.20407118 0.95686275 0.92941176 0.89411765
v 0.08102149 0.01326715 -0.18566064 0.47058824 0.47058824 0.47843137
v 0.08496969 0.52758869 -0.19052065 0.68627451 0.55686275 0.45098039
v 0.13200387 1.06061951 -0.20015347 0.96470588 0.94117647 0.91764706
v 0.14254288 0.45062403 -0.19868684 0.65882353 0.50980392 0.44705882
v 0.14203656 0.59010498 -0.17622629 0.79607843 0.65490196 0.53725490
v 0.15326706 0.67353791 -0.18886482 0.82745098 0.67058824 0.55686275
v 0.15740740 0.74238942 -0.16559418 0.82745098 0.60784314 0.49803922
v 0.18145761 1.00501573 -0.19847202 0.94901961 0.92156863 0.89411765
v 0.18759250 0.87609853 -0.19114779 0.84705882 0.81568627 0.79215686
v 0.22063140 0.95342933 -0.20196710 0.92941176 0.89411765 0.85882353
v -0.25084392 0.31906177 -0.19167142 0.47058824 0.47058824 0.47450980
v -0.13175943 0.15520512 -0.20158596 0.48235294 0.46666667 0.47058824
v -0.12538716 0.16507022 -0.22588501 0.49411765 0.45882353 0.47843137
v -0.13304372 0.15427329 -0.19455177 0.47450980 0.46274510 0.45882353
v -0.11633203 1.04739991 -0.20211852 0.88627451 0.86666667 0.85490196
v -0.13128625 0.14749969 -0.20158596 0.47450980 0.45882353 0.46666667
v -0.11452014 0.72545405 -0.19107422 0.62745098 0.45098039 0.38431373
v -0.09733073 0.48748509 -0.19575664 0.47058824 0.37647059 0.34509804
v -0.09318069 0.54577849 -0.22288549 0.49803922 0.39215686 0.36078431
v -0.09590821 0.10660923 -0.18717911 0.48235294 0.47450980 0.47450980
v 0.05543726 0.10455027 -0.18848836 0.49411765 0.47843137 0.47450980
v 0.12591745 0.84008506 -0.19841671 0.65098039 0.60784314 0.55686275
v 0.13024325 1.05674653 -0.20158596 0.96470588 0.94117647 0.91764706
v 0.13029736 1.05656642 -0.20158596 0.96470588 0.94117647 0.91764706
v 0.13031371 1.05680579 -0.20131891 0.96470588 0.94117647 0.91764706
v 0.15867623 1.04265357 -0.21696508 0.96470588 0.93725490 0.90980392
v 0.20464205 0.99951510 -0.18198524 0.95686275 0.92941176 0.89411765
v -0.17664304 0.95586662 -0.21263393 0.66666667 0.64313725 0.62352941
v -0.14939979 0.88569872 -0.20051619 0.60000000 0.60392157 0.60000000
v -0.14487452 1.00260273 -0.21080531 0.80392157 0.79215686 0.78431373
v -0.12008508 0.88775303 -0.20465806 0.59607843 0.57254902 0.55294118
v -0.11938477 0.65188689 -0.20155777 0.51372549 0.42352941 0.41568627
v -0.09551172 0.02044858 -0.20608651 0.43529412 0.44313725 0.45098039
v -0.09762897 0.67673570 -0.19408134 0.57254902 0.45882353 0.41960784
v -0.08238544 0.75328595 -0.21024294 0.57254902 0.39215686 0.30588235
v -0.04865101 1.08119313 -0.20027517 0.92941176 0.90588235 0.88627451
v -0.03537271 0.51780844 -0.21303830 0.55686275 0.45098039 0.39607843
v -0.00769384 1.07057930 -0.23165826 0.94117647 0.91764706 0.90196078
v -0.02078596 0.10110744 -0.19482103 0.47843137 0.46666667 0.46274510
v 0.00304458 0.13867888 -0.19342203 0.48627451 0.45882353 0.46274510
v 0.01715495 0.21132497 -0.18090660 0.45490196 0.43137255 0.43529412
v 0.03509460 0.11961345 -0.22478293 0.49803922 0.46274510 0.46666667
v 0.11605647 0.50498396 -0.19973904 0.70196078 0.55686275 0.47058824
v 0.12451757 1.05861665 -0.21326447 0.95686275 0.93725490 0.91764706
v 0.13119157 0.09007471 -0.19982061 0.50588235 0.49411765 0.49411765
v 0.12347525 0.10729359 -0.17952163 0.50196078 0.49411765 0.49019608
v 0.13418000 0.77777929 -0.20386415 0.24705882 0.14117647 0.13333333
v 0.13029736 1.04904091 -0.20870803 0.96078431 0.93725490 0.91372549
v 0.13009840 1.04904091 -0.20929146 0.96078431 0.93725490 0.91372549
v 0.14358460 0.72870962 -0.20022915 0.83921569 0.65098039 0.50588235
v 0.15077805 0.58319683 -0.21819355 0.77647059 0.62745098 0.51372549
v 0.15830438 0.63099055 -0.19709581 0.83529412 0.70980392 0.61176471
v 0.16915786 1.02781284 -0.20797278 0.95686275 0.92941176 0.89803922
v 0.18738016 0.91652185 -0.20821886 0.83137255 0.82745098 0.82745098
v 0.18729518 0.95897974 -0.20757435 0.92156863 0.89019608 0.85882353
v -0.14161428 0.24360513 -0.19430856 0.44313725 0.40000000 0.41960784
v -0.14456635 0.28890313 -0.20919174 0.45098039 0.40000000 0.41568627
v -0.12937077 0.37887815 -0.22143885 0.26274510 0.11764706 0.12549020
v -0.12461917 0.59783069 -0.19700515 0.51372549 0.45098039 0.43529412
v -0.10335933 0.01305320 -0.22748815 0.42745098 0.43529412 0.44705882
v -0.09766406 0.57197374 -0.20620356 0.51372549 0.42745098 0.38823529
v -0.10864614 0.69677336 -0.20153669 0.61960784 0.44313725 0.40392157
v -0.09513372 0.85573913 -0.20740613 0.55294118 0.52941176 0.50980392
v -0.08161853 0.84026160 -0.21682326 0.56470588 0.52156863 0.49019608
v -0.05549413 1.05274452 -0.23263243 0.90588235 0.88627451 0.87058824
v -0.03185101 0.00868838 -0.20990965 0.42745098 0.43921569 0.45098039
v -0.02259611 1.07916640 -0.20792413 0.94117647 0.91372549 0.89019608
v 0.03953025 1.09029839 -0.19597057 0.96078431 0.93333333 0.89803922
v 0.05257489 1.09410704 -0.19607728 0.96470588 0.93725490 0.90588235
v 0.09286251 1.08839419 -0.20742675 0.95686275 0.93333333 0.91372549
v 0.10791768 1.07330546 -0.21251778 0.95686275 0.93725490 0.91764706
v 0.10793338 0.83854105 -0.21389232 0.60784314 0.57254902 0.53333333
v 0.09621584 0.86173489 -0.21907726 0.56078431 0.54901961 0.54117647
v 0.10610625 0.79958004 -0.23033334 0.45882353 0.34117647 0.35294118
v 0.12729167 0.67426262 -0.20753561 0.76470588 0.64313725 0.50980392
v 0.16297969 0.11345091 -0.20777687 0.51372549 0.49803922 0.49411765
v 0.14946743 0.36286483 -0.23496214 0.52156863 0.11372549 0.11764706
v 0.16751650 0.98414581 -0.22099455 0.94117647 0.90980392 0.87450980
v 0.20806969 0.93428619 -0.21486724 0.90588235 0.87450980 0.85098039
v -0.14550360 0.99891565 -0.21641691 0.79607843 0.78039216 0.76862745
v -0.12998579 0.11854773 -0.20539655 0.48627451 0.48235294 0.48235294
v -0.11753736 0.39215768 -0.24341119 0.34509804 0.11764706 0.10980392
v -0.07004242 0.64872686 -0.24773283 0.63921569 0.60392157 0.59215686
v -0.09871223 0.73544541 -0.22202586 0.63137255 0.45882353 0.38823529
v -0.08986354 0.70519939 -0.23166760 0.58823529 0.45882353 0.38039216
v -0.00443065 0.14319924 -0.23387145 0.50980392 0.41176471 0.42745098
v 0.02331118 0.22651436 -0.19621361 0.55294118 0.45490196 0.43529412
v 0.09359585 0.52293969 -0.22856882 0.72941176 0.64313725 0.57254902
v 0.10757636 0.75382820 -0.21028227 0.47843137 0.23921569 0.15686275
v 0.09975361 0.78584058 -0.23623119 0.58431373 0.46274510 0.44705882
v 0.13614461 1.04394717 -0.21503788 0.96470588 0.93725490 0.90980392
v 0.11490937 0.72760281 -0.23729624 0.78431373 0.67058824 0.57254902
v 0.13582643 0.98626565 -0.23109238 0.94509804 0.91372549 0.87450980
v 0.16705358 0.39328645 -0.20693547 0.61960784 0.48627451 0.43529412
v 0.16889965 0.16547003 -0.18484682 0.51372549 0.49019608 0.47843137
v 0.15007209 0.29726142 -0.27307931 0.58431373 0.13333333 0.14901961
v -0.28566418 0.37272825 -0.23145412 0.47843137 0.47450980 0.47058824
v -0.26172550 0.36372016 -0.21969955 0.47843137 0.47058824 0.47058824
v -0.23559499 0.33996081 -0.23064845 0.39215686 0.38039216 0.40784314
v -0.14214029 0.92166686 -0.23495189 0.67058824 0.65882353 0.64313725
v -0.12986202 0.25396647 -0.22441174 0.54509804 0.47843137 0.47058824
v -0.12864093 0.34866120 -0.23276046 0.33333333 0.07843137 0.08627451
v -0.10657471 0.13897801 -0.24958076 0.49019608 0.46666667 0.47843137
v -0.12747124 1.02749931 -0.21837072 0.87058824 0.85098039 0.83137255
v -0.12262458 0.04028044 -0.27251251 0.48235294 0.48235294 0.48627451
v -0.09299907 0.10597948 -0.22065002 0.48235294 0.47058824 0.47058824
v -0.08662659 0.79764669 -0.22687034 0.54509804 0.34117647 0.32941176
v -0.05444804 0.89560774 -0.24400607 0.67450980 0.63137255 0.58039216
v -0.06152643 0.00511121 -0.18827609 0.43137255 0.43921569 0.45098039
v -0.04378557 0.74955524 -0.23319082 0.70196078 0.67058824 0.64705882
v -0.06721432 0.81675737 -0.23061829 0.68235294 0.64705882 0.61176471
v -0.03841312 0.86849662 -0.23202392 0.58823529 0.55686275 0.54117647
v -0.02819941 1.05641565 -0.23742306 0.92156863 0.89803922 0.88235294
v -0.00046854 0.23370570 -0.22552609 0.40784314 0.08627451 0.09411765
v -0.01435910 0.10867420 -0.20910419 0.49019608 0.47058824 0.46666667
v 0.06465902 1.06796035 -0.23339835 0.95294118 0.93333333 0.91764706
v 0.04806572 0.18032070 -0.24854063 0.67450980 0.38823529 0.35686275
v 0.05094951 0.10666162 -0.21380312 0.49803922 0.47843137 0.47450980
v 0.09510609 0.00000000 -0.20188831 0.40784314 0.41568627 0.42745098
v 0.10290728 0.89155321 -0.23449098 0.69019608 0.63921569 0.58039216
v 0.12399144 0.01715656 -0.20640677 0.46274510 0.46274510 0.46666667
v 0.17618463 0.25639352 -0.22245667 0.58039216 0.46274510 0.42745098
v 0.14937452 0.17661638 -0.23957220 0.71764706 0.38039216 0.32941176
v 0.14168861 0.24795761 -0.23188979 0.53333333 0.20000000 0.21176471
v -0.33925533 0.35638963 -0.24563018 0.49803922 0.50196078 0.50588235
v -0.32879480 0.38904174 -0.22364117 0.49803922 0.49411765 0.49411765
v -0.28642096 0.40387595 -0.23644715 0.47843137 0.47450980 0.47450980
v -0.13575086 0.26498731 -0.24387823 0.75686275 0.54509804 0.49803922
v -0.11092843 0.60635573 -0.23899900 0.53725490 0.47058824 0.46274510
v -0.11259464 0.25176969 -0.24610647 0.39607843 0.11372549 0.12549020
v -0.10431650 0.23906299 -0.23231880 0.30980392 0.17647059 0.20392157
v -0.08812508 0.42501060 -0.23667789 0.25882353 0.12156863 0.12941176
v -0.09188953 0.28607225 -0.23202824 0.37647059 0.08235294 0.09411765
v -0.07567378 0.46282881 -0.24257973 0.48235294 0.44313725 0.43921569
v -0.08101785 0.66058350 -0.21989701 0.45098039 0.37647059 0.32941176
v -0.10555439 1.01726390 -0.24006061 0.86666667 0.84705882 0.83137255
v -0.06840748 0.10955983 -0.24556990 0.48235294 0.46666667 0.46666667
v -0.06030499 0.52493588 -0.23320640 0.54901961 0.51372549 0.50588235
v -0.01752712 0.19291281 -0.24907167 0.53333333 0.41960784 0.40784314
v 0.01587121 0.82274706 -0.23807100 0.60784314 0.53725490 0.45882353
v 0.05728512 0.50995223 -0.22426042 0.58431373 0.45490196 0.39215686
v 0.05016083 0.49938717 -0.25185294 0.51764706 0.39215686 0.33333333
v 0.08153014 0.74066290 -0.22770932 0.53333333 0.38039216 0.30588235
v 0.11379621 1.03744967 -0.23782316 0.95294118 0.92941176 0.90588235
v 0.11084836 0.47236730 -0.23531583 0.67450980 0.58431373 0.53333333
v 0.11250178 0.86252424 -0.22266209 0.61568627 0.59607843 0.58039216
v 0.12655134 0.05118098 -0.25260843 0.50196078 0.49803922 0.49803922
v 0.12795746 0.54829948 -0.21492481 0.71372549 0.56862745 0.44705882
v 0.12451475 0.55478105 -0.23610906 0.73725490 0.61176471 0.52549020
v 0.12366677 0.65780481 -0.22580536 0.76862745 0.64313725 0.52941176
v 0.12099567 0.69404674 -0.24050852 0.81176471 0.65098039 0.51764706
v 0.12976408 0.63234217 -0.23677796 0.79215686 0.68235294 0.57254902
v 0.14794538 0.94330881 -0.24798839 0.89019608 0.86274510 0.83529412
v 0.17439630 0.92924685 -0.23409771 0.87450980 0.85098039 0.82745098
v -0.31679525 0.42995897 -0.24709210 0.49019608 0.48627451 0.48627451
v -0.12466890 0.92315939 -0.24330881 0.64705882 0.63921569 0.63137255
v -0.11146762 0.22438170 -0.24489571 0.50196078 0.41568627 0.40392157
v -0.08518214 0.23986065 -0.24332925 0.41568627 0.10588235 0.12156863
v -0.07573978 0.73738257 -0.22141110 0.63137255 0.47843137 0.39607843
v -0.06191344 0.77501637 -0.24830661 0.73725490 0.70588235 0.68235294
v -0.05071562 0.08826380 -0.25765459 0.48627451 0.47058824 0.46666667
v -0.03569743 0.10746419 -0.23590519 0.49019608 0.46274510 0.46274510
v -0.01893563 0.84947223 -0.24923413 0.69019608 0.56862745 0.47843137
v -0.01000065 0.25518638 -0.26456723 0.47843137 0.09803922 0.10980392
v -0.01941043 0.49612170 -0.24779311 0.50196078 0.38823529 0.35294118
v -0.00747196 0.76442217 -0.26332127 0.78431373 0.55686275 0.44313725
v 0.00936205 0.25138287 -0.25560916 0.48627451 0.10588235 0.10980392
v -0.01960910 0.81277208 -0.24610647 0.83921569 0.58431373 0.49803922
v 0.04192146 0.23212409 -0.23888862 0.43137255 0.08627451 0.09803922
v 0.05574968 0.76530931 -0.24592250 0.81568627 0.69411765 0.57647059
v 0.05449879 0.78867009 -0.24245789 0.83137255 0.72941176 0.60784314
v 0.07399525 0.80565528 -0.24589210 0.90980392 0.84313725 0.80392157
v 0.06244517 0.87638830 -0.24404931 0.64705882 0.61176471 0.57647059
v 0.06056090 0.52961767 -0.27394591 0.53725490 0.40784314 0.34509804
v 0.06966162 0.73464468 -0.24826911 0.78431373 0.65490196 0.53725490
v 0.06866524 0.84045741 -0.23289366 0.62352941 0.57254902 0.54509804
v 0.05910613 0.08099524 -0.24282964 0.49803922 0.48235294 0.47450980
v 0.07472074 0.08845320 -0.24949152 0.49803922 0.48627451 0.47843137
v 0.09276841 0.11010939 -0.24495022 0.50980392 0.47843137 0.47058824
v 0.10201445 0.47181664 -0.24400255 0.67058824 0.55294118 0.49803922
v 0.08487726 0.23748095 -0.24675811 0.48235294 0.09803922 0.11764706
v 0.06980554 0.64670986 -0.25822662 0.72549020 0.61568627 0.54901961
v 0.07753567 0.00517693 -0.24094015 0.44705882 0.45098039 0.45490196
v 0.10948187 0.69503694 -0.24958065 0.80392157 0.64705882 0.52549020
v 0.13014850 0.91724897 -0.24706390 0.70980392 0.67843137 0.63137255
v 0.12458071 1.02309115 -0.24367942 0.95294118 0.92549020 0.90588235
v 0.14149955 0.21743127 -0.24497128 0.58823529 0.46666667 0.42745098
v 0.13105358 0.41557136 -0.23873226 0.45098039 0.17647059 0.14509804
v 0.14218051 0.15174748 -0.24682448 0.52941176 0.48235294 0.49803922
v 0.16087632 0.30111518 -0.23996400 0.56078431 0.12549020 0.12549020
v -0.25251899 0.32414279 -0.23508000 0.42745098 0.42352941 0.43137255
v -0.23641701 0.30833485 -0.27008914 0.47843137 0.44705882 0.45882353
v -0.12158220 0.31186331 -0.27132551 0.39215686 0.07058824 0.08235294
v -0.13360437 0.29960505 -0.24306829 0.35294118 0.06274510 0.07450980
v -0.13820926 0.98124209 -0.24255072 0.78039216 0.76470588 0.75294118
v -0.10448774 0.94111654 -0.26432268 0.67450980 0.67450980 0.67450980
v -0.09121229 0.05689124 -0.26830701 0.48627451 0.48627451 0.49019608
v -0.08159036 0.55669253 -0.27820603 0.43137255 0.32156863 0.30196078
v -0.09404577 0.99361073 -0.26384655 0.81960784 0.80000000 0.77647059
v -0.07298090 0.19418876 -0.26047089 0.54117647 0.45490196 0.44705882
v -0.07773032 0.13922771 -0.25793891 0.50980392 0.47058824 0.49019608
v -0.06486113 0.07042606 -0.27987424 0.50196078 0.48627451 0.48235294
v -0.02902687 0.21772709 -0.25624268 0.38823529 0.11372549 0.12549020
v -0.04030427 0.13061979 -0.25760405 0.50588235 0.46666667 0.47843137
v -0.07266303 0.68832747 -0.27136673 0.60000000 0.46274510 0.41568627
v -0.02664319 0.06741535 -0.25464465 0.49411765 0.48627451 0.48627451
v -0.04633493 0.77961486 -0.24856571 0.77647059 0.71764706 0.67058824
v -0.03211095 0.79414038 -0.25387680 0.84313725 0.72549020 0.63529412
v -0.02826872 1.03333407 -0.25768440 0.87843137 0.84705882 0.80392157
v -0.04058538 0.22484663 -0.25159865 0.40000000 0.09411765 0.10980392
v -0.02650998 0.46292612 -0.27041686 0.45098039 0.16862745 0.14901961
v -0.02704820 0.51791818 -0.27684335 0.37254902 0.22745098 0.20392157
v 0.01148415 0.84014007 -0.26314948 0.65490196 0.56470588 0.47450980
v 0.02101696 0.49228333 -0.25497657 0.57647059 0.38431373 0.31764706
v 0.01457663 0.91634979 -0.25513334 0.61176471 0.58039216 0.54509804
v 0.04195104 1.05386782 -0.24871607 0.93725490 0.90980392 0.88235294
v 0.04703575 0.90458795 -0.24589101 0.65098039 0.60784314 0.54901961
v 0.06847124 0.92890512 -0.26237090 0.69803922 0.67058824 0.63529412
v 0.06048236 1.02308476 -0.26457544 0.92156863 0.89019608 0.85490196
v 0.07529565 0.13545509 -0.25833132 0.52156863 0.47058824 0.47843137
v 0.11402629 0.07471348 -0.26078321 0.50980392 0.49803922 0.49411765
v 0.08740447 0.08315075 -0.25996344 0.49803922 0.49019608 0.49019608
v 0.12550479 0.45306076 -0.22652237 0.67450980 0.54901961 0.49019608
v 0.10237932 1.03075126 -0.24469764 0.94901961 0.92156863 0.88627451
v 0.11086222 0.64339065 -0.25034688 0.80392157 0.68627451 0.59215686
v 0.11512128 0.10568233 -0.24338434 0.50588235 0.49019608 0.48627451
v 0.11189286 0.41633289 -0.25672069 0.59215686 0.24313725 0.18823529
v 0.11093936 0.24608948 -0.24876847 0.50196078 0.10196078 0.11764706
v 0.13627412 0.61155792 -0.24199151 0.76862745 0.65882353 0.57254902
v 0.10668399 0.15374730 -0.26611377 0.54117647 0.46274510 0.48627451
v 0.13206550 0.23582202 -0.23965891 0.75294118 0.43921569 0.41960784
v 0.12162130 0.56256685 -0.26373223 0.72941176 0.59215686 0.50588235
v -0.24626059 0.38596880 -0.25871104 0.46666667 0.44705882 0.45882353
v -0.22683906 0.30678762 -0.22188745 0.43921569 0.42745098 0.44313725
v -0.11960635 0.26509182 -0.26830242 0.44313725 0.09411765 0.13333333
v -0.09527931 0.06839463 -0.24829047 0.48235294 0.48235294 0.48627451
v -0.04531606 1.01138023 -0.26806702 0.83529412 0.81176471 0.78039216
v -0.04000953 0.18292211 -0.26147468 0.54901961 0.43137255 0.41960784
v -0.03359009 0.73425758 -0.26494277 0.73725490 0.54901961 0.44313725
v -0.02329456 0.74831854 -0.25988261 0.74901961 0.53725490 0.42745098
v -0.06858743 1.03208066 -0.24903353 0.88235294 0.85490196 0.82352941
v -0.02229834 0.91507731 -0.26372064 0.60000000 0.58431373 0.56078431
v 0.03606930 0.78492425 -0.25359340 0.80392157 0.58431373 0.42352941
v 0.03618053 0.49278285 -0.26196886 0.54117647 0.34509804 0.27450980
v 0.03846841 0.84027432 -0.26186608 0.65882353 0.57254902 0.49411765
v 0.04670489 0.91833189 -0.25384104 0.64705882 0.61568627 0.56862745
v 0.05447202 0.85612679 -0.26747476 0.63529412 0.60000000 0.56078431
v 0.08555008 0.71109739 -0.25637791 0.80000000 0.67450980 0.57254902
v 0.10063503 0.21591266 -0.26013440 0.55294118 0.20392157 0.23529412
v 0.05996211 0.46624256 -0.26211146 0.45490196 0.19215686 0.16470588
v 0.07461714 0.17438163 -0.26379224 0.65882353 0.39215686 0.35294118
v 0.09089699 0.91334813 -0.25613155 0.64705882 0.61176471 0.57254902
v 0.10656730 0.95298766 -0.26127596 0.88235294 0.84705882 0.81176471
v 0.08450462 1.02724955 -0.25673951 0.93725490 0.90588235 0.87058824
v 0.10890149 0.18113609 -0.26028842 0.63529412 0.43137255 0.39607843
v 0.11717209 0.37589211 -0.26217089 0.56862745 0.17254902 0.14901961
v 0.10994204 0.97174067 -0.25253883 0.90196078 0.87450980 0.83921569
v 0.13287499 0.05559374 -0.27684799 0.50980392 0.50196078 0.50196078
v 0.12121120 0.27656049 -0.27218305 0.54901961 0.11372549 0.13725490
v 0.13004441 0.37250467 -0.26056750 0.57254902 0.17254902 0.14509804
v 0.14311968 0.03039805 -0.24808331 0.49803922 0.49019608 0.49411765
v 0.13807302 0.24963545 -0.24915266 0.53725490 0.15294118 0.15686275
v 0.14593066 0.34054401 -0.26698621 0.54117647 0.14901961 0.13725490
v -0.36958512 0.38283372 -0.26238659 0.49411765 0.49803922 0.50196078
v -0.32561423 0.44596739 -0.27414338 0.49019608 0.48235294 0.47843137
v -0.28192888 0.35922771 -0.26672742 0.47843137 0.45882353 0.45882353
v -0.21678588 0.33211450 -0.29110582 0.35686275 0.10588235 0.11764706
v -0.10774681 0.29693193 -0.28228580 0.49019608 0.09803922 0.12549020
v -0.09596970 0.37988524 -0.27735700 0.45490196 0.14509804 0.14117647
v -0.08629155 0.43255975 -0.26112892 0.40784314 0.12156863 0.11372549
v -0.11812334 0.59447740 -0.23277476 0.47843137 0.41960784 0.39607843
v -0.05616210 0.93075192 -0.27676082 0.67058824 0.63921569 0.61176471
v -0.07537143 0.93514926 -0.27042096 0.65882353 0.64313725 0.62745098
v -0.07293054 0.97417602 -0.27458088 0.74117647 0.72549020 0.69803922
v -0.06730490 0.53752998 -0.26543786 0.37647059 0.41176471 0.41176471
v -0.02625416 0.02358637 -0.26717825 0.49803922 0.49411765 0.49803922
v -0.02246678 0.71542325 -0.27594795 0.68627451 0.50980392 0.41960784
v -0.03481012 0.05120226 -0.27273833 0.49803922 0.49411765 0.49411765
v -0.02554125 0.65630585 -0.27478685 0.59607843 0.47450980 0.43529412
v -0.02119364 0.98883984 -0.28286349 0.80784314 0.78431373 0.76078431
v 0.00186426 0.48582933 -0.25647332 0.47450980 0.30588235 0.24705882
v 0.04702238 0.25090933 -0.25017660 0.46666667 0.08627451 0.09411765
v 0.03598562 0.65264943 -0.26736482 0.66274510 0.53333333 0.46274510
v 0.04978802 0.95195542 -0.27498117 0.77647059 0.73725490 0.69803922
v 0.07884978 0.97325755 -0.26912116 0.83921569 0.80000000 0.75686275
v 0.08144258 1.00661082 -0.26945688 0.91764706 0.89019608 0.86274510
v 0.09434637 0.54261362 -0.26182579 0.70980392 0.57647059 0.50588235
v 0.08704874 0.94216224 -0.26934491 0.78823529 0.76862745 0.74509804
v 0.10672267 0.99175502 -0.25623311 0.92549020 0.89411765 0.86274510
v 0.09805229 0.61977441 -0.27203912 0.75686275 0.63529412 0.54901961
v 0.09505257 0.41791595 -0.28297604 0.66274510 0.24705882 0.21960784
v 0.12620676 0.58073412 -0.26944351 0.72549020 0.56078431 0.47843137
v 0.14536872 0.03035697 -0.28254738 0.50588235 0.49803922 0.50196078
v 0.16583281 0.26202615 -0.25359156 0.52549020 0.16470588 0.16078431
v -0.35214560 0.41873912 -0.28407788 0.49803922 0.49803922 0.50588235
v -0.29219241 0.45403478 -0.26873600 0.43137255 0.42352941 0.43137255
v -0.25623617 0.38981038 -0.28298892 0.50196078 0.40000000 0.39215686
v -0.23963230 0.32995410 -0.29222639 0.48627451 0.35294118 0.35686275
v -0.23961646 0.37364740 -0.28147085 0.40000000 0.14117647 0.16078431
v -0.11175490 0.27086781 -0.28859987 0.49411765 0.12549020 0.15686275
v -0.11366616 0.02290425 -0.29154569 0.48627451 0.48627451 0.49019608
v -0.06542671 0.63096190 -0.26955974 0.56470588 0.43921569 0.43137255
v -0.06765656 0.44603143 -0.25390483 0.45882353 0.24705882 0.22745098
v -0.04692875 0.99510246 -0.27613054 0.81960784 0.79607843 0.76470588
v -0.05430813 0.00841710 -0.25601882 0.44313725 0.44705882 0.45882353
v -0.02098105 0.64407233 -0.27512716 0.55686275 0.42745098 0.39607843
v -0.00354675 0.87319793 -0.28201556 0.59607843 0.58431373 0.58823529
v -0.00189049 0.65927254 -0.26648279 0.60000000 0.47450980 0.40784314
v 0.01920490 0.45911535 -0.27633871 0.50588235 0.20000000 0.15686275
v 0.01857165 0.74267835 -0.27898651 0.62352941 0.41960784 0.33333333
v 0.03567733 0.88636450 -0.27265559 0.57254902 0.56470588 0.56862745
v 0.03061134 0.50063836 -0.28616813 0.47450980 0.22352941 0.19215686
v 0.03919403 0.85792805 -0.28481085 0.64313725 0.59215686 0.56078431
v 0.02250518 1.01782980 -0.27390621 0.87450980 0.84705882 0.81176471
v 0.03299979 0.95196199 -0.27872242 0.71764706 0.69019608 0.65882353
v 0.06402562 0.99901937 -0.27319480 0.90588235 0.87450980 0.84313725
v 0.06643512 0.25419662 -0.26717395 0.50196078 0.09411765 0.11764706
v 0.06326288 0.59059890 -0.28458487 0.55686275 0.41176471 0.34117647
v 0.06779326 0.05959062 -0.28208223 0.50588235 0.49803922 0.49803922
v 0.07253008 0.55537789 -0.27949084 0.62745098 0.45490196 0.38431373
v 0.09492325 0.66532210 -0.26969467 0.78431373 0.65882353 0.57647059
v 0.06963000 0.56492925 -0.28783866 0.49803922 0.29803922 0.24705882
v 0.11071241 0.01429183 -0.28757528 0.47450980 0.47058824 0.47450980
v 0.12998121 0.04905127 -0.28748148 0.50980392 0.50196078 0.50588235
v 0.13096169 0.01230390 -0.26475854 0.46274510 0.45882353 0.45882353
v 0.14187353 0.30366535 -0.27871411 0.61176471 0.16078431 0.17254902
v 0.13289596 0.26261572 -0.29002052 0.59607843 0.17254902 0.18431373
v 0.15163606 0.27336345 -0.27789856 0.53333333 0.13725490 0.14901961
v -0.32865376 0.37211046 -0.28450217 0.49803922 0.49803922 0.50196078
v -0.31319910 0.45568590 -0.29906550 0.38431373 0.38039216 0.40392157
v -0.31486571 0.37656807 -0.28663826 0.47450980 0.46666667 0.46274510
v -0.31100434 0.46998909 -0.28170966 0.40000000 0.39607843 0.40784314
v -0.29422073 0.37647525 -0.28839395 0.46666667 0.45490196 0.46274510
v -0.27660972 0.45134951 -0.28549958 0.49411765 0.47843137 0.47843137
v -0.23243303 0.35819399 -0.29392834 0.39607843 0.12156863 0.14901961
v -0.08121459 0.38370463 -0.28201199 0.44705882 0.13725490 0.12941176
v -0.06630338 0.06910889 -0.28605023 0.49803922 0.48627451 0.48627451
v -0.07324237 0.25233881 -0.27644890 0.46274510 0.08627451 0.11764706
v -0.04872169 0.40047590 -0.29430298 0.47058824 0.16078431 0.14901961
v -0.05429634 0.54623893 -0.28506187 0.41960784 0.28235294 0.25490196
v -0.05579898 0.24934947 -0.26407495 0.44705882 0.08235294 0.10196078
v -0.04304952 0.65769512 -0.27489869 0.58431373 0.47843137 0.44313725
v -0.03771943 0.94491027 -0.28335578 0.69019608 0.66666667 0.64313725
v -0.00843138 0.94267836 -0.28325192 0.69411765 0.67058824 0.65490196
v -0.01590196 0.42604734 -0.28410790 0.48235294 0.17254902 0.14509804
v -0.00492997 0.62620529 -0.28175179 0.46274510 0.33333333 0.30588235
v 0.01420016 0.63807293 -0.28493942 0.35294118 0.23921569 0.21568627
v -0.00602398 0.70985265 -0.28609328 0.44313725 0.29803922 0.25882353
v 0.03347628 0.98253225 -0.28525532 0.81960784 0.78431373 0.74901961
v 0.02096392 0.67593152 -0.27756837 0.56470588 0.39607843 0.34509804
v 0.04747352 0.71174895 -0.27924105 0.75294118 0.59215686 0.48627451
v 0.00420698 0.72232704 -0.29848613 0.35686275 0.26274510 0.23921569
v 0.02462097 0.84935357 -0.28691271 0.66274510 0.61960784 0.58431373
v 0.01851012 0.44570534 -0.28308017 0.51764706 0.20784314 0.16470588
v 0.03783160 0.98739697 -0.28183158 0.86274510 0.82745098 0.78823529
v 0.04636979 0.44356183 -0.27742235 0.54117647 0.20392157 0.16470588
v 0.05821144 0.04424337 -0.27048695 0.50588235 0.49803922 0.49803922
v 0.02382700 0.42428412 -0.29456115 0.52941176 0.19607843 0.20000000
v 0.05616087 0.65417327 -0.27784160 0.65882353 0.54509804 0.47450980
v 0.08472436 0.43138219 -0.27830907 0.65098039 0.23921569 0.20784314
v 0.08078415 0.60289081 -0.28530331 0.67058824 0.48235294 0.41568627
v 0.08957099 0.69379885 -0.28006460 0.78823529 0.65882353 0.54509804
v 0.09372841 0.60552580 -0.28401013 0.69019608 0.51372549 0.43529412
v 0.10347286 0.57435655 -0.28848822 0.56470588 0.36078431 0.28627451
v 0.10048237 0.34021722 -0.30808470 0.61960784 0.21960784 0.21176471
v -0.26557595 0.35770041 -0.29560087 0.50588235 0.45098039 0.45882353
v -0.25967241 0.38256877 -0.29281510 0.47843137 0.41568627 0.41960784
v -0.10779015 0.30934294 -0.28761923 0.46666667 0.10196078 0.12941176
v -0.09139968 0.06072740 -0.30138957 0.49411765 0.49411765 0.49803922
v -0.08724360 0.25132836 -0.28383328 0.49411765 0.11764706 0.14901961
v -0.10009986 0.26030373 -0.29266047 0.45882353 0.11372549 0.13725490
v -0.07010429 0.57782499 -0.29602675 0.38431373 0.22745098 0.21568627
v -0.05094728 0.60286162 -0.29187345 0.41960784 0.29803922 0.27058824
v -0.05206847 0.06397912 -0.30130898 0.49803922 0.49019608 0.49411765
v -0.03077826 0.05488389 -0.30074948 0.50196078 0.50196078 0.50588235
v -0.03103493 0.41575528 -0.29471515 0.47450980 0.15686275 0.15686275
v -0.03919126 0.69721555 -0.29671239 0.48235294 0.39215686 0.32549020
v -0.03620343 0.56409065 -0.29206043 0.38039216 0.23137255 0.20784314
v 0.01359410 0.52128690 -0.31269202 0.56862745 0.30196078 0.26666667
v -0.00373912 0.69907332 -0.29946359 0.34901961 0.28235294 0.27450980
v 0.04454246 0.62528013 -0.28455996 0.60000000 0.47058824 0.41568627
v 0.00057250 0.68799844 -0.29202280 0.29411765 0.21960784 0.20000000
v 0.00531608 0.71951164 -0.29542621 0.40000000 0.29411765 0.27450980
v 0.05061816 0.53098519 -0.29309030 0.55294118 0.31372549 0.25490196
v 0.04421998 0.70448948 -0.29130835 0.65098039 0.50980392 0.43529412
v 0.05849567 0.68392524 -0.29566312 0.71764706 0.57647059 0.45882353
v 0.05581202 0.01981162 -0.25077375 0.50196078 0.49411765 0.49803922
v 0.06098956 0.57051734 -0.29779172 0.49803922 0.28627451 0.23137255
v 0.05630001 0.69983898 -0.29318338 0.75686275 0.60392157 0.49411765
v 0.09667737 0.06896331 -0.28263510 0.50588235 0.49803922 0.49803922
v 0.08765750 0.38810411 -0.29455943 0.56470588 0.20392157 0.17254902
v 0.11206535 0.25849793 -0.28771123 0.54117647 0.11372549 0.14509804
v 0.11693818 0.28644271 -0.29943661 0.55686275 0.12941176 0.15294118
v -0.36004659 0.38580840 -0.29087657 0.49411765 0.49803922 0.50588235
v -0.32103474 0.43446002 -0.30082730 0.48235294 0.47843137 0.47450980
v -0.29457103 0.47333356 -0.31168310 0.48235294 0.46274510 0.47450980
v -0.24983451 0.36185336 -0.30500951 0.52549020 0.45098039 0.45098039
v -0.11644092 0.05409694 -0.31674202 0.49019608 0.49411765 0.49803922
v -0.06060711 0.56594162 -0.30156506 0.37647059 0.19607843 0.17647059
v -0.02642623 0.61181653 -0.28473625 0.44705882 0.34509804 0.32156863
v -0.01068769 0.53241794 -0.30431472 0.50588235 0.27843137 0.23529412
v -0.01449873 0.40731889 -0.29466767 0.45882353 0.16862745 0.15294118
v 0.04042298 0.39585179 -0.30208668 0.57254902 0.25098039 0.23137255
v 0.05185224 0.25280239 -0.29111306 0.47058824 0.08627451 0.12549020
v 0.06608562 0.37181305 -0.30799641 0.51764706 0.16078431 0.16078431
v 0.05793270 0.39405687 -0.29579820 0.47058824 0.14117647 0.13725490
v 0.08940514 0.35203538 -0.30562867 0.63137255 0.22745098 0.22352941
v 0.10716878 0.37801848 -0.28670389 0.61568627 0.22352941 0.19607843
v 0.12008205 0.31402935 -0.30280456 0.58823529 0.17254902 0.18039216
v -0.30164230 0.39999407 -0.31081172 0.45490196 0.43137255 0.43921569
v -0.29105899 0.44189508 -0.30861786 0.47843137 0.45882353 0.47450980
v -0.28534396 0.46165693 -0.30913773 0.45098039 0.43529412 0.45098039
v -0.04938028 0.34716206 -0.31724583 0.52941176 0.18039216 0.19215686
v -0.06770033 0.35129819 -0.30378562 0.49411765 0.15294118 0.16078431
v -0.02612744 0.38189196 -0.30925017 0.52941176 0.20392157 0.19607843
v -0.02007712 0.56461313 -0.31666810 0.46666667 0.22745098 0.20392157
v 0.01171278 0.60925498 -0.30147619 0.45098039 0.35686275 0.36470588
v 0.03244683 0.38360811 -0.31158396 0.56862745 0.23529412 0.22745098
v 0.03942755 0.58914749 -0.30762405 0.65490196 0.48235294 0.43137255
v 0.09350800 0.25870473 -0.32173276 0.64313725 0.18039216 0.20784314
v 0.06966855 0.02202817 -0.32097332 0.50588235 0.50196078 0.50588235
v 0.12265755 0.05711058 -0.29936348 0.50588235 0.50588235 0.50980392
v 0.11893040 0.25025118 -0.29545490 0.56078431 0.13725490 0.16862745
v 0.12544602 0.02354817 -0.31852552 0.50196078 0.50196078 0.50588235
v -0.08394904 0.31568703 -0.30657386 0.50588235 0.14509804 0.16862745
v -0.05327157 0.01812047 -0.31734168 0.49019608 0.49411765 0.49803922
v -0.02740396 0.02941175 -0.31404881 0.50196078 0.50196078 0.50588235
v 0.01682560 0.35237996 -0.32615636 0.56078431 0.19215686 0.20392157
v 0.03470810 0.59677622 -0.30856852 0.63529412 0.47450980 0.43529412
v 0.03653099 0.54535146 -0.32194778 0.63921569 0.34509804 0.29411765
v 0.05017109 0.55197201 -0.31386180 0.50980392 0.23529412 0.19607843
v 0.04470191 0.36177703 -0.31726240 0.49019608 0.15294118 0.15294118
v 0.07179433 0.05928990 -0.30971849 0.50980392 0.50196078 0.50588235
v 0.06850282 0.26317441 -0.31588562 0.59215686 0.12156863 0.17647059
v 0.09137580 0.30038762 -0.31297841 0.63529412 0.17254902 0.20000000
v 0.08361314 0.32157207 -0.32159923 0.60784314 0.19607843 0.20000000
v 0.08324923 0.34270654 -0.31445615 0.61568627 0.21176471 0.21176471
v 0.14369020 0.04323355 -0.32114726 0.50980392 0.50588235 0.50980392
v -0.10509459 0.05847453 -0.32814212 0.49019608 0.49411765 0.49803922
v -0.05534706 0.06621339 -0.32801784 0.50196078 0.49803922 0.49803922
v -0.10023704 0.03316452 -0.33279509 0.48627451 0.49411765 0.49803922
v -0.06308681 0.02440993 -0.32422179 0.50196078 0.50196078 0.50588235
v -0.05737941 0.26920402 -0.32545306 0.58039216 0.15294118 0.19607843
v -0.06978264 0.26692265 -0.31383619 0.52941176 0.12549020 0.17647059
v -0.03510451 0.03880979 -0.32975734 0.50196078 0.50196078 0.50588235
v -0.02424120 0.32937256 -0.33241053 0.56078431 0.18431373 0.20392157
v -0.02411873 0.29210734 -0.32747042 0.60000000 0.17647059 0.20000000
v -0.05181767 0.30569284 -0.31937456 0.53725490 0.15686275 0.18039216
v -0.00144069 0.29943998 -0.32161260 0.56078431 0.17647059 0.18823529
v 0.00012418 0.56650391 -0.32349390 0.51372549 0.25882353 0.23137255
v -0.00297933 0.26031766 -0.32095252 0.58431373 0.14901961 0.19607843
v 0.01737633 0.54044179 -0.32475893 0.61568627 0.32156863 0.27843137
v 0.04612171 0.25833613 -0.31825764 0.61176471 0.14117647 0.20000000
v 0.04048912 0.27574878 -0.33275835 0.64313725 0.17254902 0.21176471
v 0.06265814 0.32017147 -0.32586934 0.45098039 0.09803922 0.13725490
v 0.07490687 0.26575319 -0.32499422 0.63921569 0.16862745 0.20000000
v 0.09287351 0.06271165 -0.31694807 0.50588235 0.50196078 0.50588235
v -0.06960040 0.06511545 -0.33808145 0.50196078 0.49803922 0.50196078
v -0.03051372 0.25975255 -0.33276875 0.59607843 0.16078431 0.20000000
v 0.01904669 0.32809611 -0.33527260 0.60784314 0.21176471 0.22352941
v -0.02421850 0.32194280 -0.33030292 0.57254902 0.18823529 0.20392157
v 0.02451905 0.26319251 -0.33471272 0.63137255 0.17647059 0.21568627
v 0.05946451 0.29780035 -0.31369631 0.43529412 0.09411765 0.12156863
v 0.03827237 0.31958702 -0.33185215 0.61568627 0.18823529 0.21568627
v -0.05453281 0.04037925 -0.33992447 0.50196078 0.50196078 0.50588235
v 0.01716630 0.27572658 -0.33492441 0.62745098 0.18431373 0.21568627
v 0.09361663 0.06649534 -0.33463315 0.50588235 0.50196078 0.50588235
v 0.11865632 0.05374167 -0.33732564 0.50980392 0.50980392 0.51372549
v -0.07266367 0.04848809 -0.34614108 0.50196078 0.50196078 0.50588235
v 0.08709073 0.04162793 -0.34377138 0.50980392 0.50588235 0.50980392
f 10 3 2
f 3 10 1
f 4 3 1
f 4 11 3
f 10 7 8
f 8 1 10
f 11 18 3
f 11 4 5
f 11 5 13
f 6 10 14
f 6 7 10
f 14 10 2
f 9 2 3
f 8 12 1
f 9 3 29
f 18 29 3
f 12 16 1
f 18 11 22
f 13 22 11
f 7 6 8
f 35 2 29
f 2 9 29
f 16 12 8
f 16 20 1
f 4 1 20
f 4 20 5
f 14 34 33
f 6 24 8
f 24 17 8
f 15 8 17
f 8 15 16
f 15 20 16
f 15 21 20
f 15 19 21
f 20 26 5
f 13 23 22
f 23 13 5
f 23 5 31
f 33 41 14
f 14 27 6
f 41 27 14
f 14 35 34
f 14 2 35
f 24 6 27
f 28 17 24
f 17 28 25
f 17 25 15
f 25 28 15
f 28 38 15
f 29 18 62
f 21 26 20
f 24 27 42
f 28 24 42
f 15 38 43
f 62 18 51
f 43 19 15
f 52 18 40
f 40 18 22
f 30 26 21
f 58 22 23
f 26 30 44
f 5 26 44
f 31 5 44
f 33 32 41
f 61 34 35
f 42 27 36
f 84 35 50
f 50 35 29
f 50 29 62
f 38 28 37
f 51 18 52
f 39 21 19
f 22 58 40
f 58 23 67
f 69 33 61
f 33 34 61
f 32 27 41
f 28 56 37
f 37 43 38
f 21 39 53
f 54 30 21
f 21 53 54
f 54 44 30
f 31 67 23
f 46 67 31
f 31 44 46
f 44 45 46
f 32 33 69
f 47 49 32
f 27 32 49
f 48 36 49
f 36 48 42
f 55 42 48
f 36 27 49
f 37 56 43
f 43 39 19
f 40 58 52
f 89 32 69
f 100 32 89
f 48 49 47
f 61 35 84
f 42 75 28
f 91 50 62
f 56 57 43
f 51 52 62
f 110 58 66
f 44 54 82
f 81 58 67
f 44 82 45
f 59 82 54
f 46 45 60
f 94 69 61
f 100 47 32
f 83 48 47
f 55 75 42
f 91 84 50
f 56 28 76
f 52 86 62
f 63 57 56
f 63 43 57
f 64 63 65
f 64 43 63
f 65 104 64
f 104 43 64
f 39 43 104
f 58 86 52
f 86 58 110
f 74 53 39
f 54 53 74
f 46 81 67
f 89 69 94
f 47 100 83
f 88 94 61
f 48 70 55
f 75 55 70
f 76 77 56
f 129 56 77
f 86 91 62
f 71 72 73
f 63 72 71
f 63 56 72
f 56 129 72
f 65 71 73
f 65 73 104
f 39 78 74
f 78 54 74
f 59 54 79
f 48 83 96
f 88 61 84
f 76 28 75
f 91 92 97
f 72 104 73
f 104 72 129
f 79 54 78
f 58 81 87
f 45 82 60
f 60 82 68
f 82 59 113
f 59 80 113
f 68 46 60
f 68 106 46
f 88 89 94
f 109 75 70
f 75 109 85
f 76 75 85
f 87 66 58
f 79 80 59
f 133 113 80
f 81 46 93
f 88 84 101
f 96 70 48
f 91 90 84
f 76 99 77
f 92 91 86
f 93 87 81
f 68 82 106
f 93 46 106
f 89 88 107
f 124 89 107
f 124 100 89
f 83 100 108
f 83 95 96
f 83 108 95
f 101 84 90
f 85 109 76
f 97 90 91
f 98 97 92
f 119 92 86
f 121 110 66
f 122 79 78
f 88 135 107
f 124 108 100
f 108 102 95
f 102 96 95
f 70 96 102
f 90 97 116
f 98 116 97
f 76 109 99
f 77 99 103
f 148 118 98
f 92 148 98
f 77 103 129
f 110 121 131
f 39 104 78
f 104 137 78
f 78 137 112
f 78 112 122
f 122 80 79
f 106 82 105
f 108 124 125
f 135 88 101
f 109 70 102
f 116 126 90
f 116 98 114
f 114 98 117
f 109 127 99
f 117 98 118
f 128 99 127
f 128 103 99
f 148 92 119
f 119 86 110
f 131 119 110
f 121 110 131
f 121 132 110
f 121 66 87
f 122 140 80
f 87 93 164
f 82 113 105
f 113 133 105
f 106 164 93
f 135 141 107
f 107 134 124
f 101 90 126
f 109 115 127
f 147 117 118
f 103 128 129
f 149 104 129
f 110 120 130
f 131 110 130
f 120 110 132
f 149 137 104
f 150 132 121
f 141 142 107
f 142 134 107
f 108 145 102
f 102 145 109
f 126 160 101
f 115 109 136
f 114 146 126
f 116 114 126
f 146 114 117
f 147 146 117
f 162 129 128
f 120 148 119
f 130 120 119
f 130 119 131
f 111 150 121
f 137 156 112
f 111 121 87
f 140 122 112
f 165 105 133
f 123 164 106
f 124 201 125
f 101 160 144
f 162 128 127
f 197 149 129
f 112 156 158
f 87 139 111
f 140 112 158
f 165 133 151
f 165 106 105
f 201 143 125
f 125 145 108
f 145 167 109
f 160 126 152
f 136 127 115
f 162 127 155
f 154 148 120
f 129 162 197
f 150 196 132
f 132 196 138
f 163 150 111
f 157 111 139
f 177 87 164
f 133 80 140
f 123 106 165
f 135 172 141
f 141 134 142
f 141 124 134
f 178 201 124
f 101 144 135
f 167 136 109
f 169 118 148
f 153 155 127
f 175 120 132
f 197 156 149
f 156 137 149
f 157 163 111
f 156 214 158
f 133 140 151
f 192 165 151
f 164 123 199
f 172 135 144
f 125 143 167
f 145 125 167
f 146 152 126
f 168 136 167
f 173 146 147
f 173 147 118
f 169 148 154
f 132 138 175
f 139 87 157
f 177 157 87
f 123 165 171
f 159 167 143
f 207 152 146
f 127 136 168
f 153 127 161
f 173 118 169
f 153 174 155
f 162 155 197
f 199 123 171
f 200 141 172
f 203 124 141
f 178 124 203
f 201 159 143
f 144 160 179
f 179 160 152
f 152 207 179
f 161 127 168
f 180 174 153
f 175 154 120
f 150 176 196
f 197 170 156
f 163 176 150
f 214 140 158
f 191 177 164
f 191 164 198
f 165 184 171
f 203 141 200
f 201 178 204
f 146 173 207
f 180 153 161
f 175 169 154
f 213 156 170
f 157 177 181
f 151 182 192
f 172 144 233
f 167 226 168
f 180 161 168
f 187 173 169
f 187 169 189
f 189 169 175
f 190 155 174
f 190 197 155
f 177 191 181
f 140 257 151
f 140 214 257
f 192 182 183
f 166 222 172
f 204 205 201
f 185 159 201
f 193 233 144
f 144 179 193
f 179 207 206
f 207 173 186
f 173 187 186
f 227 188 168
f 188 180 168
f 188 174 180
f 190 174 188
f 195 138 219
f 219 138 196
f 197 211 170
f 213 214 156
f 165 192 184
f 233 166 172
f 159 185 205
f 167 159 226
f 206 193 179
f 209 188 227
f 189 175 194
f 175 195 194
f 195 175 138
f 211 197 190
f 176 163 220
f 220 163 157
f 157 181 220
f 151 257 202
f 202 182 151
f 352 192 183
f 222 200 172
f 224 178 203
f 201 205 185
f 226 159 205
f 226 227 168
f 237 188 209
f 187 189 210
f 253 188 237
f 229 189 194
f 229 194 254
f 217 190 188
f 247 196 176
f 181 191 212
f 198 164 199
f 184 192 352
f 200 223 203
f 200 222 271
f 200 271 223
f 240 233 193
f 240 193 206
f 207 186 236
f 236 186 208
f 186 187 208
f 227 237 209
f 208 187 210
f 210 189 229
f 194 195 254
f 231 254 195
f 195 219 231
f 238 247 176
f 238 176 220
f 221 171 184
f 178 224 215
f 250 178 215
f 204 178 250
f 225 206 228
f 206 207 228
f 228 207 236
f 227 216 237
f 210 229 246
f 218 190 217
f 231 219 247
f 219 196 247
f 230 211 190
f 293 213 170
f 170 211 293
f 202 183 182
f 234 206 225
f 240 206 234
f 236 208 246
f 246 208 210
f 254 231 268
f 230 190 218
f 261 211 230
f 220 181 212
f 212 191 239
f 334 202 257
f 249 198 199
f 202 334 183
f 242 184 352
f 249 199 171
f 249 171 221
f 243 204 250
f 205 204 243
f 225 228 251
f 245 236 246
f 188 253 217
f 276 229 254
f 230 218 217
f 220 212 262
f 239 191 198
f 352 183 263
f 223 265 203
f 224 232 215
f 233 240 244
f 240 234 225
f 227 226 259
f 227 259 235
f 228 236 260
f 216 227 235
f 245 260 236
f 216 253 237
f 255 230 217
f 268 231 247
f 211 261 293
f 293 214 213
f 262 212 280
f 334 257 214
f 249 221 295
f 232 224 203
f 271 222 395
f 232 250 215
f 222 166 266
f 166 233 244
f 240 225 251
f 205 243 226
f 251 228 260
f 273 253 216
f 273 277 253
f 277 217 253
f 300 246 229
f 255 217 277
f 230 256 248
f 230 248 261
f 241 238 321
f 321 238 220
f 212 239 280
f 334 263 183
f 295 221 184
f 203 265 232
f 243 250 282
f 266 395 222
f 252 266 166
f 252 166 244
f 240 252 244
f 226 243 259
f 267 251 260
f 216 235 273
f 260 245 283
f 302 246 300
f 330 254 268
f 256 230 255
f 268 247 269
f 241 247 238
f 334 214 293
f 239 198 249
f 264 265 223
f 251 311 240
f 258 252 240
f 300 229 276
f 276 254 319
f 269 247 241
f 321 220 262
f 294 249 295
f 184 374 295
f 281 232 265
f 232 355 250
f 355 310 250
f 311 258 240
f 259 297 235
f 246 302 284
f 319 254 330
f 277 291 255
f 291 256 255
f 292 248 256
f 292 261 248
f 270 262 280
f 428 249 294
f 242 352 309
f 184 242 374
f 243 272 259
f 284 245 246
f 273 339 277
f 275 274 289
f 301 275 289
f 289 274 304
f 268 348 330
f 348 268 269
f 269 241 279
f 241 321 279
f 292 293 261
f 309 374 242
f 223 271 264
f 355 232 281
f 258 266 252
f 297 259 272
f 283 298 260
f 284 283 245
f 339 273 446
f 339 286 277
f 275 285 274
f 287 275 301
f 316 300 276
f 274 319 290
f 289 304 301
f 274 290 304
f 304 290 278
f 386 291 277
f 278 290 307
f 307 306 304
f 307 304 278
f 291 292 256
f 293 308 373
f 333 321 262
f 270 333 262
f 280 239 351
f 373 334 293
f 249 428 239
f 352 263 394
f 376 264 271
f 376 271 322
f 322 271 395
f 310 282 250
f 272 243 296
f 311 251 324
f 446 273 235
f 298 267 260
f 275 315 314
f 275 287 315
f 275 314 285
f 285 314 299
f 274 285 299
f 277 286 288
f 274 303 319
f 301 304 328
f 332 269 279
f 308 293 292
f 351 270 280
f 407 263 334
f 295 374 375
f 282 310 243
f 311 357 258
f 251 267 324
f 335 267 313
f 283 337 298
f 338 314 312
f 314 338 299
f 302 300 362
f 274 299 380
f 362 300 316
f 286 339 288
f 380 316 274
f 274 316 303
f 316 276 303
f 384 451 288
f 303 276 317
f 319 303 317
f 317 276 319
f 304 343 328
f 451 277 288
f 386 277 344
f 305 290 319
f 304 347 329
f 306 320 304
f 320 347 304
f 307 290 305
f 320 306 307
f 307 305 331
f 279 321 332
f 332 321 389
f 308 292 373
f 373 292 456
f 353 394 263
f 295 460 294
f 323 243 310
f 323 296 243
f 323 272 296
f 395 266 431
f 324 357 311
f 258 357 266
f 324 267 335
f 312 336 325
f 446 235 378
f 298 337 313
f 313 267 298
f 312 379 336
f 338 312 325
f 312 314 379
f 337 283 284
f 400 379 314
f 446 381 339
f 338 380 299
f 362 284 302
f 342 288 339
f 304 329 343
f 343 329 327
f 344 277 451
f 329 318 327
f 305 319 330
f 320 307 331
f 350 331 305
f 421 330 370
f 330 348 370
f 348 269 332
f 386 292 291
f 390 292 386
f 321 333 389
f 392 333 270
f 371 270 351
f 351 239 372
f 353 263 407
f 264 354 265
f 337 284 399
f 361 287 301
f 361 301 341
f 341 343 340
f 328 343 301
f 343 341 301
f 340 343 326
f 288 342 384
f 326 327 345
f 345 327 318
f 343 327 326
f 318 367 345
f 329 346 318
f 318 346 367
f 347 346 329
f 350 423 331
f 423 350 349
f 370 348 332
f 292 390 456
f 372 239 428
f 497 295 375
f 281 265 430
f 272 323 356
f 357 358 431
f 357 431 266
f 336 396 377
f 377 325 336
f 324 335 313
f 324 313 360
f 336 379 398
f 359 338 325
f 313 337 360
f 361 315 287
f 284 362 401
f 342 339 381
f 345 340 326
f 364 345 365
f 420 366 345
f 345 367 420
f 438 386 344
f 385 367 346
f 347 320 346
f 368 350 305
f 368 305 330
f 331 423 320
f 369 423 349
f 386 456 390
f 369 349 426
f 351 470 391
f 470 351 372
f 371 351 391
f 334 373 407
f 294 460 428
f 352 394 309
f 376 354 264
f 272 356 409
f 272 409 378
f 324 397 357
f 378 297 272
f 336 398 396
f 325 444 359
f 324 360 397
f 378 235 297
f 445 338 359
f 401 399 284
f 400 315 361
f 400 314 315
f 316 380 362
f 341 340 382
f 383 340 345
f 365 363 364
f 438 344 451
f 345 366 365
f 420 365 366
f 421 368 330
f 350 368 421
f 406 386 438
f 388 369 425
f 392 389 333
f 371 392 270
f 442 373 456
f 442 407 373
f 429 407 487
f 394 393 309
f 394 353 407
f 460 295 497
f 354 376 265
f 376 430 265
f 461 376 322
f 355 474 310
f 474 463 310
f 323 310 463
f 395 431 322
f 377 396 408
f 325 476 444
f 325 377 410
f 396 398 412
f 358 357 397
f 337 399 413
f 447 381 446
f 383 434 340
f 434 382 340
f 341 382 434
f 435 341 434
f 525 342 381
f 363 402 364
f 402 345 364
f 365 403 417
f 365 418 403
f 365 439 418
f 420 439 365
f 404 420 367
f 404 367 385
f 320 385 346
f 405 423 369
f 369 388 405
f 350 483 387
f 406 456 386
f 350 457 349
f 369 426 424
f 424 425 369
f 371 391 392
f 394 407 429
f 520 374 309
f 393 520 309
f 358 411 431
f 408 410 377
f 397 433 358
f 379 432 398
f 399 414 413
f 414 399 401
f 414 401 362
f 435 361 341
f 525 381 447
f 383 345 436
f 345 402 436
f 402 363 449
f 449 363 450
f 450 363 415
f 363 416 415
f 363 365 416
f 416 417 415
f 365 417 416
f 417 403 493
f 404 385 420
f 453 420 385
f 422 385 320
f 422 320 454
f 423 454 320
f 421 483 350
f 421 370 455
f 457 350 387
f 370 332 440
f 440 332 389
f 388 425 441
f 484 389 392
f 485 484 392
f 485 392 391
f 442 487 407
f 460 372 428
f 443 375 374
f 520 443 374
f 356 323 409
f 475 503 412
f 410 408 325
f 412 398 432
f 446 378 507
f 510 379 400
f 380 338 445
f 380 492 362
f 434 383 436
f 400 361 435
f 436 448 434
f 449 436 402
f 415 437 450
f 512 451 384
f 513 417 538
f 538 417 493
f 403 418 493
f 419 493 418
f 439 419 418
f 452 539 438
f 468 467 419
f 539 540 438
f 468 419 439
f 420 453 439
f 421 455 483
f 455 514 483
f 405 388 441
f 441 425 458
f 459 425 427
f 518 372 460
f 394 429 517
f 517 429 487
f 497 375 443
f 473 408 396
f 323 489 409
f 464 322 431
f 408 476 325
f 475 412 432
f 358 433 411
f 506 413 414
f 575 413 506
f 360 413 575
f 360 337 413
f 362 480 414
f 465 510 400
f 445 492 380
f 480 362 492
f 434 448 491
f 400 435 434
f 508 436 481
f 448 436 508
f 449 481 436
f 450 481 449
f 384 342 512
f 415 417 437
f 437 417 513
f 451 452 438
f 419 467 493
f 493 467 583
f 542 439 453
f 385 651 453
f 422 454 385
f 454 423 405
f 440 389 590
f 515 516 456
f 485 469 587
f 426 349 457
f 391 469 485
f 469 391 470
f 427 425 424
f 528 442 456
f 495 487 442
f 517 393 394
f 462 430 376
f 281 430 355
f 396 412 499
f 473 396 472
f 503 499 412
f 322 523 461
f 553 476 408
f 411 464 431
f 433 397 360
f 446 507 447
f 508 491 448
f 434 491 477
f 508 481 479
f 465 400 434
f 537 450 437
f 539 452 451
f 439 542 468
f 557 438 540
f 557 406 438
f 385 454 584
f 651 385 584
f 557 456 406
f 590 370 440
f 427 424 459
f 425 498 458
f 425 459 498
f 498 459 566
f 393 563 520
f 471 460 497
f 461 500 376
f 500 462 376
f 430 501 355
f 500 461 488
f 523 488 461
f 463 489 323
f 464 523 322
f 409 569 378
f 490 506 414
f 379 510 432
f 604 445 359
f 490 414 480
f 434 477 465
f 577 481 450
f 466 583 467
f 482 466 467
f 467 468 482
f 482 468 542
f 405 441 543
f 541 457 387
f 590 455 370
f 590 389 484
f 485 494 484
f 516 528 456
f 470 372 496
f 495 442 528
f 498 486 458
f 518 460 471
f 462 500 430
f 396 499 641
f 472 396 641
f 501 502 355
f 355 502 531
f 474 355 531
f 408 473 504
f 504 553 408
f 505 523 464
f 359 444 604
f 490 662 506
f 433 534 411
f 445 604 492
f 478 508 479
f 480 492 574
f 600 479 481
f 511 525 447
f 577 450 537
f 513 537 437
f 451 512 579
f 542 453 585
f 515 456 557
f 543 441 527
f 608 455 590
f 484 494 590
f 587 494 485
f 494 632 590
f 458 527 441
f 541 426 457
f 546 459 424
f 496 372 518
f 636 486 498
f 566 459 546
f 563 393 517
f 500 501 430
f 463 522 489
f 411 505 464
f 444 476 572
f 411 524 505
f 432 551 475
f 378 622 507
f 491 508 509
f 535 479 600
f 509 477 491
f 600 481 577
f 539 451 579
f 538 493 583
f 605 557 540
f 387 483 541
f 585 453 651
f 482 542 466
f 455 608 514
f 589 426 541
f 458 486 527
f 469 470 496
f 487 495 528
f 545 487 528
f 498 519 638
f 638 519 547
f 566 519 498
f 529 547 519
f 530 499 503
f 500 502 501
f 550 500 488
f 531 463 474
f 570 489 522
f 489 570 409
f 521 475 551
f 569 622 378
f 534 524 411
f 662 490 480
f 621 575 506
f 433 360 575
f 716 432 510
f 535 573 479
f 479 573 478
f 478 573 508
f 508 573 509
f 477 509 465
f 716 510 465
f 511 447 507
f 578 342 525
f 538 526 513
f 579 556 539
f 583 466 558
f 483 514 541
f 607 542 585
f 454 405 588
f 560 528 516
f 496 592 469
f 633 487 545
f 487 594 517
f 546 564 566
f 563 612 520
f 636 498 638
f 530 503 548
f 500 531 502
f 521 548 503
f 472 549 473
f 532 463 531
f 463 570 522
f 521 503 475
f 504 473 549
f 569 409 570
f 476 553 533
f 572 476 533
f 432 552 551
f 444 572 604
f 662 621 506
f 604 554 492
f 342 578 512
f 648 513 526
f 542 558 466
f 651 584 559
f 543 588 405
f 631 494 587
f 587 469 650
f 560 516 515
f 544 426 589
f 527 486 562
f 560 545 528
f 544 424 426
f 636 562 486
f 561 610 546
f 496 518 593
f 612 443 520
f 530 641 499
f 614 472 641
f 532 658 463
f 570 463 658
f 504 552 553
f 553 572 533
f 716 552 432
f 535 619 573
f 662 480 574
f 575 576 433
f 433 576 534
f 600 661 535
f 465 509 711
f 574 492 554
f 511 578 525
f 577 537 555
f 648 555 537
f 648 537 513
f 581 539 556
f 538 583 580
f 605 540 539
f 751 558 672
f 607 558 542
f 454 696 584
f 454 588 696
f 586 515 557
f 629 541 606
f 629 589 541
f 588 543 527
f 677 650 469
f 546 424 561
f 561 424 589
f 589 424 544
f 592 677 469
f 611 546 610
f 594 563 517
f 635 612 563
f 565 471 497
f 443 565 497
f 547 613 638
f 654 519 566
f 567 613 547
f 680 567 547
f 547 529 680
f 530 548 655
f 614 549 472
f 523 550 488
f 616 658 531
f 531 658 532
f 549 568 504
f 552 568 551
f 568 552 504
f 523 505 617
f 570 622 569
f 571 553 552
f 571 552 716
f 602 604 572
f 603 577 555
f 538 580 582
f 581 605 539
f 582 580 583
f 607 672 558
f 606 541 514
f 606 514 628
f 586 560 515
f 631 724 494
f 588 527 591
f 562 591 527
f 593 518 471
f 594 634 563
f 678 594 487
f 678 487 653
f 563 634 635
f 595 564 546
f 595 566 564
f 612 565 443
f 519 654 529
f 530 640 641
f 640 530 655
f 550 596 500
f 500 596 531
f 598 550 523
f 615 643 521
f 615 521 551
f 549 597 568
f 615 551 597
f 568 597 551
f 524 617 505
f 570 599 622
f 572 553 571
f 599 660 622
f 573 735 509
f 619 535 661
f 573 620 735
f 618 571 716
f 534 576 663
f 601 600 623
f 711 509 645
f 689 576 575
f 622 536 507
f 711 716 465
f 712 574 554
f 536 511 507
f 623 577 603
f 600 577 623
f 554 604 665
f 745 648 526
f 626 526 538
f 583 649 582
f 751 649 583
f 583 558 751
f 627 557 605
f 696 588 630
f 628 514 608
f 651 698 585
f 590 632 608
f 494 674 632
f 586 694 560
f 610 561 588
f 609 561 589
f 593 699 496
f 496 727 592
f 545 560 633
f 588 591 611
f 588 611 610
f 701 487 633
f 611 595 546
f 567 679 613
f 567 680 679
f 656 614 641
f 614 615 549
f 596 642 531
f 642 616 531
f 549 615 597
f 706 570 658
f 523 617 598
f 708 524 534
f 663 708 534
f 735 645 509
f 571 618 572
f 600 601 685
f 685 661 600
f 620 573 619
f 572 618 602
f 689 575 644
f 644 575 621
f 623 688 601
f 662 574 712
f 716 717 618
f 623 603 646
f 602 665 604
f 691 578 511
f 624 603 555
f 624 555 692
f 647 512 578
f 742 555 648
f 647 579 512
f 670 627 605
f 582 649 669
f 672 671 751
f 694 586 557
f 607 585 698
f 631 587 650
f 609 589 629
f 630 588 561
f 592 727 677
f 560 767 633
f 701 653 487
f 591 562 595
f 591 595 611
f 730 636 638
f 637 565 612
f 595 654 566
f 654 639 529
f 548 657 655
f 521 657 548
f 642 596 682
f 658 616 682
f 598 707 550
f 706 599 570
f 687 663 576
f 691 536 622
f 691 622 660
f 554 665 712
f 623 646 688
f 717 602 618
f 691 511 536
f 624 646 603
f 555 625 692
f 555 742 625
f 667 538 582
f 582 669 667
f 668 605 581
f 649 750 669
f 695 606 723
f 670 557 627
f 723 606 628
f 670 694 557
f 559 584 696
f 609 629 606
f 631 650 789
f 630 561 675
f 675 561 652
f 676 608 632
f 650 677 752
f 756 560 694
f 652 561 609
f 767 560 756
f 699 727 496
f 471 768 593
f 471 702 768
f 612 635 729
f 702 471 565
f 565 637 702
f 729 637 612
f 614 656 643
f 657 521 656
f 521 643 656
f 643 615 614
f 550 682 596
f 682 616 642
f 706 659 599
f 683 660 599
f 524 708 710
f 662 644 621
f 617 736 598
f 688 646 664
f 691 660 739
f 646 624 774
f 602 690 665
f 690 714 665
f 666 578 691
f 897 692 625
f 647 578 743
f 579 668 556
f 667 626 538
f 668 581 556
f 828 719 669
f 669 722 828
f 787 723 628
f 751 877 649
f 609 606 695
f 630 675 697
f 787 628 608
f 696 725 559
f 789 724 631
f 672 607 753
f 673 607 698
f 725 698 651
f 725 651 559
f 609 675 652
f 676 632 674
f 809 678 653
f 678 634 594
f 678 635 634
f 729 635 678
f 636 730 562
f 704 638 613
f 613 679 704
f 680 529 639
f 640 656 641
f 681 656 640
f 682 706 658
f 733 659 706
f 733 599 659
f 598 736 707
f 617 524 710
f 709 661 685
f 662 684 644
f 708 663 710
f 710 736 617
f 685 601 688
f 735 686 645
f 686 711 645
f 664 646 774
f 799 576 689
f 774 624 738
f 665 714 712
f 738 624 692
f 666 743 578
f 743 579 647
f 626 745 526
f 667 669 693
f 668 746 605
f 693 669 719
f 746 670 605
f 746 721 670
f 721 694 670
f 722 669 750
f 720 695 723
f 696 630 697
f 751 671 757
f 749 494 724
f 672 753 671
f 676 787 608
f 832 789 650
f 753 607 673
f 697 675 609
f 752 677 755
f 727 700 677
f 767 701 633
f 759 595 562
f 703 730 638
f 704 654 595
f 704 705 654
f 705 639 654
f 639 679 680
f 681 640 655
f 655 657 681
f 656 681 657
f 550 731 682
f 733 683 599
f 661 620 619
f 734 660 683
f 684 662 841
f 841 662 712
f 684 814 644
f 814 713 644
f 644 713 689
f 799 687 576
f 737 660 734
f 761 663 687
f 738 692 741
f 716 711 715
f 739 660 737
f 602 717 690
f 739 718 691
f 718 666 691
f 741 692 897
f 822 742 823
f 823 742 648
f 823 648 869
f 648 745 869
f 626 667 745
f 720 784 695
f 609 764 697
f 784 764 609
f 695 784 609
f 748 876 696
f 747 755 726
f 750 649 877
f 671 753 757
f 876 725 696
f 725 758 698
f 752 832 650
f 758 673 698
f 494 754 674
f 699 726 727
f 677 700 728
f 755 677 728
f 728 700 727
f 593 791 699
f 791 593 768
f 653 790 809
f 701 790 653
f 729 702 637
f 595 759 704
f 703 638 704
f 705 704 679
f 705 679 639
f 772 682 731
f 706 682 772
f 731 550 707
f 731 707 772
f 732 733 706
f 688 775 685
f 838 685 775
f 688 664 775
f 814 816 689
f 814 689 713
f 799 761 687
f 717 778 690
f 779 690 740
f 822 625 742
f 579 743 668
f 743 746 668
f 745 667 744
f 667 693 744
f 803 693 719
f 930 720 723
f 721 765 694
f 858 828 722
f 825 764 784
f 786 748 696
f 764 786 697
f 694 765 756
f 877 722 750
f 789 749 724
f 726 766 747
f 877 751 757
f 494 788 754
f 766 726 699
f 726 755 728
f 726 728 727
f 792 678 809
f 702 729 768
f 729 678 770
f 759 562 730
f 704 759 703
f 810 732 706
f 734 683 732
f 732 683 733
f 707 736 811
f 838 709 685
f 661 884 620
f 884 735 620
f 734 812 737
f 774 738 760
f 797 737 812
f 716 715 717
f 663 845 710
f 663 761 845
f 802 738 741
f 780 802 741
f 778 779 690
f 779 740 690
f 818 739 777
f 718 739 818
f 821 780 741
f 818 666 718
f 821 741 897
f 743 762 746
f 851 746 762
f 719 763 803
f 746 851 721
f 828 763 719
f 765 721 852
f 748 786 876
f 786 696 697
f 752 755 829
f 858 722 877
f 788 834 674
f 754 788 674
f 904 753 673
f 791 766 699
f 790 701 767
f 729 769 768
f 792 770 678
f 759 730 703
f 810 706 772
f 707 811 772
f 661 709 884
f 760 773 796
f 760 796 774
f 839 709 838
f 773 738 863
f 773 760 738
f 774 775 664
f 888 863 738
f 776 711 686
f 776 715 711
f 689 816 844
f 844 867 689
f 689 867 799
f 845 736 710
f 717 715 800
f 714 843 712
f 843 841 712
f 761 846 845
f 737 797 739
f 739 797 777
f 717 800 778
f 802 780 891
f 666 781 743
f 897 625 822
f 851 743 850
f 743 851 762
f 783 763 827
f 828 827 763
f 833 723 787
f 747 804 755
f 766 804 747
f 749 857 494
f 785 808 765
f 857 788 494
f 832 749 789
f 674 833 787
f 765 808 756
f 904 757 753
f 674 787 676
f 767 756 790
f 790 792 809
f 791 768 769
f 792 769 729
f 770 792 729
f 810 734 732
f 773 795 794
f 773 794 796
f 795 796 794
f 795 774 796
f 773 863 798
f 773 798 795
f 813 811 736
f 888 738 802
f 690 801 843
f 714 690 843
f 801 690 779
f 802 891 815
f 780 848 891
f 780 821 848
f 849 666 818
f 781 666 849
f 781 782 743
f 896 822 823
f 951 869 745
f 824 951 693
f 693 951 744
f 782 850 743
f 803 824 693
f 803 763 783
f 852 721 851
f 783 903 901
f 903 783 827
f 852 853 765
f 723 833 930
f 806 807 805
f 785 805 807
f 785 826 805
f 853 826 765
f 765 826 785
f 804 854 755
f 833 674 834
f 725 876 758
f 808 835 756
f 756 835 790
f 766 791 836
f 793 880 771
f 771 881 793
f 797 812 862
f 795 798 863
f 911 814 684
f 867 866 799
f 799 889 761
f 815 891 842
f 761 889 846
f 715 778 800
f 779 778 819
f 920 779 819
f 849 818 820
f 897 822 868
f 744 951 745
f 781 850 782
f 923 784 870
f 923 825 784
f 930 784 720
f 930 833 931
f 873 830 831
f 806 831 830
f 806 805 831
f 805 826 831
f 1008 828 858
f 807 806 830
f 807 830 873
f 807 873 785
f 932 788 857
f 832 857 749
f 829 874 832
f 752 829 832
f 785 873 808
f 972 673 758
f 769 836 791
f 790 837 792
f 769 861 836
f 861 792 837
f 861 769 792
f 1016 793 881
f 810 812 734
f 772 811 882
f 839 884 709
f 797 862 886
f 686 735 884
f 884 840 686
f 840 864 686
f 686 864 776
f 939 838 775
f 843 1053 841
f 916 715 776
f 736 845 813
f 814 917 816
f 889 799 866
f 1023 777 797
f 889 866 817
f 777 1023 818
f 920 801 779
f 818 1023 847
f 847 895 818
f 895 820 818
f 848 821 988
f 822 896 868
f 896 823 869
f 824 803 900
f 783 1169 803
f 928 855 804
f 828 1008 827
f 825 786 764
f 755 856 829
f 854 856 755
f 766 928 804
f 826 873 831
f 788 932 834
f 757 905 877
f 859 758 876
f 972 904 673
f 790 808 860
f 835 808 790
f 837 836 861
f 880 793 973
f 881 771 880
f 810 772 882
f 810 862 812
f 882 811 813
f 838 883 839
f 839 976 884
f 939 774 795
f 885 795 863
f 939 775 774
f 841 1053 684
f 684 1053 911
f 914 916 776
f 865 814 911
f 842 802 815
f 865 917 814
f 816 867 844
f 1087 842 891
f 916 778 715
f 866 941 817
f 846 889 893
f 781 852 850
f 850 852 851
f 1169 959 803
f 803 959 900
f 1169 783 965
f 783 901 965
f 852 898 853
f 924 825 923
f 804 855 854
f 872 871 829
f 829 856 872
f 873 826 853
f 901 903 1107
f 928 766 902
f 874 933 857
f 832 874 857
f 875 860 808
f 873 875 808
f 1005 876 786
f 834 1011 833
f 932 1011 834
f 905 858 877
f 906 1013 757
f 757 904 906
f 836 936 766
f 837 936 836
f 790 936 837
f 936 790 860
f 879 908 909
f 879 909 880
f 880 973 879
f 810 882 862
f 882 977 862
f 839 910 976
f 977 886 862
f 839 883 910
f 884 864 840
f 883 838 913
f 888 885 863
f 838 939 913
f 914 776 864
f 918 1023 797
f 918 797 886
f 842 1018 802
f 813 890 938
f 1018 888 802
f 801 1053 843
f 894 813 845
f 817 941 892
f 778 947 819
f 1058 848 988
f 897 944 821
f 849 820 781
f 820 898 781
f 824 899 951
f 1064 869 951
f 781 898 852
f 854 855 958
f 874 871 925
f 853 898 926
f 927 825 924
f 872 925 871
f 926 968 853
f 853 968 873
f 870 784 930
f 965 901 1107
f 927 962 786
f 927 786 825
f 874 829 871
f 1043 1107 903
f 929 827 1008
f 903 929 1043
f 827 929 903
f 902 766 967
f 873 968 875
f 934 1011 932
f 859 876 970
f 876 1005 970
f 860 875 936
f 1013 969 757
f 906 904 972
f 766 936 967
f 972 758 859
f 907 908 879
f 937 909 908
f 1048 879 973
f 793 1016 973
f 909 1015 880
f 880 1015 881
f 882 938 977
f 910 883 913
f 813 938 882
f 886 977 918
f 913 915 912
f 913 940 915
f 980 1053 801
f 917 867 816
f 867 941 866
f 889 817 942
f 778 916 947
f 813 894 890
f 1087 891 848
f 892 941 1021
f 893 950 846
f 894 1024 890
f 988 821 943
f 944 943 821
f 846 922 945
f 922 846 950
f 868 944 897
f 896 921 868
f 985 921 896
f 949 869 1064
f 1139 959 1169
f 958 922 954
f 961 900 959
f 855 955 958
f 1030 874 925
f 928 955 855
f 958 856 854
f 955 928 999
f 999 928 902
f 930 1069 870
f 932 857 933
f 786 962 1005
f 1007 934 932
f 906 1044 1013
f 1044 906 972
f 971 1008 858
f 905 971 858
f 905 757 969
f 878 972 859
f 936 935 967
f 908 907 1046
f 913 912 910
f 842 887 979
f 795 885 939
f 914 864 1052
f 979 1018 842
f 919 885 888
f 912 915 940
f 911 1084 865
f 918 981 1023
f 917 987 867
f 817 892 942
f 893 889 950
f 986 919 944
f 920 819 994
f 845 846 945
f 845 945 894
f 994 819 947
f 892 948 990
f 986 944 868
f 895 998 820
f 949 896 869
f 953 922 950
f 820 998 898
f 922 958 1027
f 956 924 923
f 922 953 954
f 900 961 824
f 956 923 870
f 1008 961 959
f 957 1030 925
f 953 952 925
f 872 954 953
f 898 998 926
f 872 856 954
f 954 856 958
f 962 927 924
f 1030 966 874
f 1004 1003 1008
f 964 932 1103
f 964 1007 932
f 1008 1003 929
f 931 1069 930
f 1103 932 933
f 874 966 933
f 968 926 1006
f 1014 931 833
f 875 1039 935
f 1044 972 1076
f 935 936 875
f 1046 937 908
f 1046 1077 937
f 907 879 1111
f 1111 879 1048
f 974 973 1016
f 976 910 912
f 977 938 978
f 912 1017 976
f 975 884 976
f 884 975 864
f 978 981 977
f 885 982 939
f 913 939 940
f 1052 916 914
f 1053 1084 911
f 981 918 977
f 943 888 1018
f 939 985 940
f 919 888 943
f 801 1057 980
f 1057 801 994
f 994 801 920
f 987 941 867
f 865 1124 917
f 987 1021 941
f 889 990 950
f 940 985 992
f 892 989 942
f 889 942 989
f 847 1023 991
f 943 944 919
f 916 993 947
f 889 989 990
f 892 990 989
f 992 985 896
f 940 992 896
f 847 991 895
f 1020 986 868
f 921 1020 868
f 950 990 948
f 995 945 922
f 895 991 998
f 952 953 1025
f 1025 953 950
f 1028 997 999
f 1026 962 924
f 952 957 925
f 999 1000 1028
f 959 1004 960
f 899 824 1002
f 1002 1033 899
f 963 1064 951
f 961 1002 824
f 902 1000 999
f 1001 1036 998
f 872 953 925
f 959 960 1008
f 963 951 1031
f 1032 1005 962
f 998 1036 926
f 1008 960 1004
f 926 1036 1006
f 963 1031 1010
f 1103 933 966
f 1034 902 967
f 1010 1031 1013
f 968 1071 875
f 1071 968 1006
f 1031 969 1013
f 1007 1011 934
f 1071 1039 875
f 1037 905 969
f 1031 1037 969
f 1074 833 1011
f 1012 971 905
f 859 1042 1045
f 970 1042 859
f 1077 1047 937
f 937 1078 909
f 909 1116 1015
f 1048 973 974
f 976 1017 975
f 1083 887 842
f 938 890 978
f 1018 979 984
f 916 1052 1085
f 1018 984 943
f 983 885 919
f 939 982 985
f 919 986 982
f 919 982 983
f 983 982 885
f 940 1123 1120
f 982 986 1020
f 982 1020 985
f 916 1085 993
f 981 1019 1023
f 946 940 896
f 1058 988 1060
f 985 1020 921
f 1021 1022 892
f 892 1022 948
f 1089 1024 894
f 1063 994 947
f 991 1023 1096
f 949 946 896
f 995 894 945
f 950 948 1025
f 991 1096 998
f 998 1096 1001
f 1025 948 952
f 1027 995 922
f 1133 957 952
f 1029 958 955
f 1101 959 1139
f 959 1101 1004
f 962 1026 1032
f 899 1033 1031
f 1031 951 899
f 1099 1064 963
f 1069 956 870
f 902 1034 1000
f 1002 961 1033
f 1012 1033 961
f 1071 1006 1036
f 1069 931 1104
f 1072 1007 964
f 1144 966 1030
f 1034 967 1000
f 1039 1071 1035
f 1008 1012 961
f 1037 1012 905
f 1005 1009 970
f 929 1003 1172
f 1072 1011 1007
f 935 1035 967
f 1039 1035 935
f 971 1012 1008
f 1041 1010 1044
f 1044 1010 1013
f 1038 1042 970
f 970 1009 1038
f 929 1040 1043
f 833 1074 1014
f 878 859 1045
f 972 878 1076
f 1111 1046 907
f 937 1047 1078
f 881 1117 1049
f 1117 881 1015
f 1049 974 1016
f 1016 881 1049
f 1017 1050 975
f 1017 912 1153
f 1052 864 1051
f 1153 912 940
f 978 1056 981
f 1154 1053 980
f 1120 1152 940
f 1154 1084 1053
f 890 1055 978
f 890 1054 1055
f 1052 1121 1085
f 984 988 943
f 1124 987 917
f 1024 1054 890
f 1058 1087 848
f 1059 1021 987
f 946 1123 940
f 1023 1019 1096
f 993 1063 947
f 1022 1021 948
f 997 1054 1024
f 999 997 1024
f 1019 1062 1096
f 1235 949 1064
f 1063 1032 996
f 996 1032 1026
f 1094 996 1026
f 1028 1066 997
f 1098 1001 1096
f 956 1026 924
f 1066 1028 1000
f 1065 964 1141
f 957 1133 1030
f 1000 1070 1066
f 1066 1070 1067
f 1001 1067 1068
f 1004 1172 1003
f 1032 1142 1005
f 1035 1071 1067
f 1068 1067 1071
f 1036 1001 1071
f 1071 1001 1068
f 1033 1037 1031
f 1070 1000 967
f 1067 1070 967
f 1035 1067 967
f 1033 1012 1037
f 1009 1005 1073
f 1142 1073 1005
f 1014 1104 931
f 1105 965 1107
f 1041 1174 1010
f 1073 1038 1009
f 1190 1042 1038
f 1072 1074 1011
f 1041 1044 1109
f 1107 1043 1075
f 1108 878 1045
f 1046 1176 1077
f 1078 1047 1112
f 1048 1113 1111
f 1112 1114 1078
f 1149 1115 1048
f 1148 1149 1048
f 1078 1116 909
f 1081 1015 1079
f 1082 1050 1017
f 975 1051 864
f 1152 1153 940
f 1084 1154 1155
f 1056 978 1054
f 1055 1054 978
f 994 980 1057
f 1121 993 1085
f 1062 981 1056
f 981 1086 1019
f 988 984 1060
f 981 1062 1086
f 1019 1086 1062
f 1084 1128 1088
f 865 1084 1088
f 1124 865 1088
f 1124 1088 1061
f 1063 993 1091
f 1128 1061 1088
f 1134 948 1021
f 1134 1021 1059
f 997 1126 1054
f 996 994 1063
f 1090 1061 1128
f 995 1089 894
f 1128 1129 1090
f 1129 1065 1090
f 948 1092 952
f 1065 1132 1090
f 1024 1093 999
f 997 1066 1097
f 997 1097 1126
f 1032 1091 1138
f 1091 1032 1063
f 995 1027 1095
f 1141 1132 1065
f 958 1095 1027
f 999 1093 1095
f 1026 956 1166
f 1029 1095 958
f 955 1095 1029
f 999 1095 955
f 1064 1099 1186
f 964 1163 1100
f 1163 964 1065
f 1066 1098 1096
f 1138 1142 1032
f 1133 1171 1030
f 1004 1101 1172
f 964 1103 1141
f 1171 1144 1030
f 1098 1066 1067
f 1001 1098 1067
f 1169 965 1105
f 1102 956 1069
f 1104 1102 1069
f 964 1145 1072
f 1144 1103 966
f 1014 1146 1104
f 1072 1145 1074
f 929 1172 1040
f 1075 1043 1106
f 1043 1040 1106
f 1109 1044 1076
f 1076 878 1110
f 1111 1176 1046
f 1112 1047 1077
f 1113 1048 1115
f 974 1148 1048
f 1117 1015 1081
f 1153 1082 1017
f 1050 1150 975
f 1087 1083 842
f 1051 1118 1052
f 979 1119 984
f 1052 1118 1121
f 980 994 1122
f 1059 987 1159
f 1056 1054 1125
f 1087 1058 1208
f 1157 1060 984
f 1054 1126 1125
f 1059 1159 1130
f 1056 1125 1062
f 1084 1182 1128
f 1125 1126 1062
f 1127 1136 993
f 1061 1090 1164
f 993 1136 1091
f 1089 995 1135
f 1132 1164 1090
f 948 1134 1092
f 1126 1097 1062
f 1062 1131 1096
f 1136 1138 1091
f 1065 1129 1163
f 1024 1089 1095
f 1093 1024 1095
f 1062 1097 1131
f 1134 952 1092
f 1095 1135 995
f 1089 1135 1095
f 1137 1096 1131
f 1186 1235 1064
f 1166 1094 1026
f 952 1134 1133
f 1097 1066 1131
f 1137 1131 1066
f 1137 1066 1096
f 1168 1132 1141
f 1167 1171 1133
f 1142 1138 1140
f 1202 1099 963
f 1166 956 1102
f 1100 1143 964
f 964 1143 1145
f 1103 1168 1141
f 1144 1168 1103
f 1073 1190 1038
f 1174 1041 1205
f 1074 1146 1014
f 1146 1074 1145
f 1106 1040 1172
f 1204 1106 1172
f 1109 1205 1041
f 1147 1191 1045
f 1042 1147 1045
f 1191 1108 1045
f 1110 1109 1076
f 878 1109 1110
f 1113 1176 1111
f 1178 1116 1078
f 1193 1015 1116
f 1015 1192 1079
f 1192 1015 1193
f 1080 1148 974
f 1079 1149 1117
f 1079 1117 1081
f 1080 974 1049
f 1050 1082 1153
f 1051 975 1150
f 887 1151 979
f 1151 1156 979
f 1120 1153 1152
f 1208 1083 1087
f 1156 1119 979
f 1051 1196 1118
f 1156 984 1119
f 1197 1118 1196
f 1197 1121 1118
f 1156 1157 984
f 1241 1120 1123
f 1155 1182 1084
f 987 1124 1159
f 1209 1208 1058
f 1121 1158 993
f 1124 1061 1159
f 1241 1123 946
f 1060 1157 1058
f 1158 1184 993
f 1160 1122 1183
f 1061 1164 1159
f 1184 1127 993
f 994 1183 1122
f 1199 1128 1182
f 1059 1130 1165
f 1134 1059 1165
f 1127 1140 1136
f 994 1161 1183
f 994 996 1094
f 1128 1199 1129
f 1133 1165 1130
f 1162 1133 1130
f 1199 1163 1129
f 1162 1167 1133
f 1136 1140 1138
f 1165 1133 1134
f 1188 1140 1185
f 1168 1164 1132
f 1211 1100 1163
f 1140 1188 1142
f 1170 1102 1104
f 1104 1100 1170
f 1142 1188 1073
f 1144 1171 1168
f 1143 1100 1104
f 1143 1104 1145
f 1105 1203 1169
f 1202 963 1010
f 1173 1073 1188
f 1104 1146 1145
f 1073 1173 1190
f 1202 1010 1174
f 1215 1204 1172
f 1147 1042 1190
f 878 1175 1109
f 1108 1175 878
f 1191 1175 1108
f 1107 1206 1105
f 1206 1107 1075
f 1177 1112 1077
f 1192 1176 1115
f 1115 1176 1113
f 1112 1178 1114
f 1178 1078 1114
f 1149 1192 1115
f 1192 1149 1079
f 1179 1149 1148
f 1148 1080 1117
f 1080 1049 1117
f 887 1083 1180
f 887 1180 1151
f 1050 1153 1226
f 1050 1207 1150
f 1207 1196 1051
f 1207 1051 1150
f 1226 1153 1120
f 980 1122 1181
f 980 1181 1154
f 1120 1241 1225
f 1181 1122 1160
f 1181 1160 1154
f 1155 1154 1160
f 1155 1160 1198
f 1209 1058 1157
f 1233 1241 946
f 1182 1155 1198
f 1164 1162 1159
f 1184 1158 1121
f 1160 1183 1198
f 1130 1159 1162
f 1127 1184 1140
f 1094 1161 994
f 1121 1185 1184
f 1184 1185 1140
f 1211 1163 1199
f 1168 1162 1164
f 1161 1094 1166
f 1162 1168 1171
f 1171 1167 1162
f 1203 1139 1169
f 1170 1213 1166
f 1215 1101 1139
f 1170 1166 1102
f 1101 1215 1172
f 1188 1190 1173
f 1187 1189 1190
f 1147 1190 1189
f 1175 1174 1205
f 1077 1176 1192
f 1077 1192 1177
f 1112 1177 1192
f 1193 1112 1192
f 1112 1193 1194
f 1194 1193 1116
f 1194 1116 1178
f 1179 1148 1117
f 1149 1179 1117
f 1230 1050 1226
f 1207 1050 1230
f 1120 1225 1226
f 1196 1195 1197
f 1199 1182 1198
f 946 949 1233
f 1197 1200 1121
f 1121 1200 1185
f 1166 1213 1161
f 1161 1213 1212
f 1201 1100 1211
f 1200 1187 1188
f 1200 1188 1185
f 1100 1213 1170
f 1188 1187 1190
f 1147 1189 1219
f 1239 1204 1215
f 1218 1191 1147
f 1202 1174 1175
f 1203 1105 1206
f 1191 1217 1175
f 1205 1109 1175
f 1220 1106 1204
f 1220 1075 1106
f 1194 1178 1112
f 1083 1223 1180
f 1222 1151 1180
f 1222 1156 1151
f 1222 1157 1156
f 1198 1183 1161
f 1198 1232 1199
f 1234 1198 1161
f 1199 1232 1211
f 1235 1233 949
f 1161 1212 1234
f 1201 1211 1213
f 1213 1100 1201
f 1203 1215 1139
f 1214 1219 1200
f 1219 1187 1200
f 1216 1235 1099
f 1099 1235 1186
f 1238 1245 1235
f 1216 1099 1202
f 1219 1189 1187
f 1202 1175 1217
f 1218 1217 1191
f 1249 1204 1239
f 1249 1220 1204
f 1221 1180 1223
f 1083 1208 1223
f 1240 1180 1221
f 1240 1222 1180
f 1224 1223 1208
f 1196 1207 1230
f 1225 1230 1226
f 1195 1196 1230
f 1227 1208 1209
f 1157 1227 1209
f 1195 1228 1197
f 1228 1210 1197
f 1233 1248 1231
f 1198 1234 1232
f 1197 1210 1200
f 1234 1212 1232
f 1211 1232 1212
f 1210 1214 1200
f 1212 1213 1211
f 1236 1235 1245
f 1218 1214 1210
f 1214 1218 1219
f 1238 1235 1216
f 1217 1237 1245
f 1219 1218 1147
f 1216 1202 1238
f 1217 1245 1238
f 1237 1217 1218
f 1249 1239 1215
f 1217 1238 1202
f 1252 1203 1206
f 1220 1206 1075
f 1247 1223 1224
f 1208 1247 1224
f 1227 1247 1208
f 1230 1243 1228
f 1230 1228 1195
f 1240 1227 1222
f 1222 1227 1157
f 1241 1229 1230
f 1225 1241 1230
f 1231 1243 1230
f 1229 1241 1231
f 1229 1231 1230
f 1241 1233 1231
f 1235 1244 1233
f 1231 1248 1236
f 1231 1236 1245
f 1228 1231 1246
f 1245 1246 1231
f 1242 1246 1210
f 1236 1244 1235
f 1246 1237 1210
f 1237 1218 1210
f 1246 1245 1237
f 1252 1215 1203
f 1252 1249 1215
f 1250 1220 1249
f 1221 1223 1240
f 1251 1240 1223
f 1223 1247 1251
f 1227 1240 1247
f 1243 1231 1228
f 1248 1233 1244
f 1246 1242 1228
f 1242 1210 1228
f 1248 1244 1236
f 1252 1206 1220
f 1250 1252 1220
f 1251 1247 1240
f 1252 1250 1249
